method,path,body,single_q,double_q,dashes,braces,spaces,badwords,class
,,,,,,,,,
POST,/search.php?test=query,goButton=go&searchFor=the,0,0,0,0,0,0,good
POST,/ReadNews.aspx?id=0&NewsAd=ads/def.html,__EVENTARGUMENT=&__EVENTTARGET=&__EVENTVALIDATION=/wEWVwLjj6S6DALRp67yDgLQp%2bbjBwLcy%2bvqAgLcy%2bvqAgLcy9/TDwLcy9/TDwLcy/P2CALcy/P2CAKx0t2fCgKx0t2fCgKx0vGyAwKx0vGyAwKx0uXJDAKx0uXJDAKx0pnsBQKx0pnsBQKx0o2DDQKx0o2DDQKx0qGmBgKx0qGmBgKx0tX6DwKx0tX6DwKx0smRBwKx0smRBwKx0r35BQKx0r35BQKx0tGdDQKx0tGdDQKK%2baMFAor5owUCivnX2QkCivnX2QkCivnL/AICivnL/AICivn/kwoCivn/kwoCivmTtgMCivmTtgMCivmHzQwCivmHzQwCivm74AUCivm74AUCivmvhw0Civmvhw0CivmD7AsCivmD7AsCivm3gwMCivm3gwMCv5PjxAkCv5PjxAkCv5OXmwECv5OXmwECv5OLvgoCv5OLvgoCv5O/1QMCv5O/1QMCv5PT6QwCv5PT6QwCv5PHjAQCv5PHjAQCv5P7ow0Cv5P7ow0Cv5PvxgYCv5PvxgYCv5PDrwMCv5PDrwMCv5P3wgwCv5P3wgwCkLrB6w8CkLrB6w8CkLr1jgcCkLr1jgcCkLrpJQKQuuklApC6nfgJApC6nfgJApC6sZ8BApC6sZ8BApC6pbIKApC6pbIKApC62dYDApC62dYDApC6ze0MApC6ze0MApC6odUJApC6odUJ9Tq6GDrB1PdfR0yv1TnbuLoV6KY%3d&__VIEWSTATE=/wEPDwUKLTM1MjIzMjU2OQ9kFgICAQ9kFgwCAQ9kFgQCAQ8WBB4EaHJlZgUKbG9naW4uYXNweB4JaW5uZXJodG1sBQVsb2dpbmQCAw8WBB8AZB4HVmlzaWJsZWhkAgMPFgIfAQVJcG9zdGVkIGJ5IDxzdHJvbmc%2bYWRtaW4gICAgICAgICAgICAgICAgICAgIDwvc3Ryb25nPjExLzgvMjAwNSAxMTozNToyMiBBTWQCBQ8WAh8BBTxXZWIgYXR0YWNrcyAtIGNhbiB5b3VyIHdlYiBhcHBsaWNhdGlvbnMgd2l0aHN0YW5kIHRoZSBmb3JjZT9kAgcPFgIfAQWbODxwPjxzdHJvbmc%2bQWN1bmV0aXggY29tYmF0cyByaXNlIGluIHdlYiBhdHRhY2tzIHdpdGggQWN1bmV0aXggICAgICAgICAgICAgICAgICAgICAgICAgICAgV2ViIFZ1bG5lcmFiaWxpdHkgU2Nhbm5lciAyIDwvc3Ryb25nPjwvcD4gICAgICAgICAgICAgICAgICAgICAgICAgICA8cD4yMSBKdWx5IDIwMDUgLSA8c3Ryb25nPlN0YXJ0LXVwIGNvbXBhbnkgQWN1bmV0aXggcmVsZWFzZWQgICAgICAgICAgICAgICAgICAgICAgICAgICAgQWN1bmV0aXggV2ViIFZ1bG5lcmFiaWxpdHkgU2Nhbm5lcjogYSB0b29sIHRvIGF1dG9tYXRpY2FsbHkgICAgICAgICAgICAgICAgICAgICAgICAgICAgYXVkaXQgd2Vic2l0ZSBzZWN1cml0eS4gQWN1bmV0aXggV2ViIFZ1bG5lcmFiaWxpdHkgU2Nhbm5lciAgICAgICAgICAgICAgICAgICAgICAgICAgICAyIGNyYXdscyBhbiBlbnRpcmUgd2Vic2l0ZSwgbGF1bmNoZXMgcG9wdWxhciB3ZWIgYXR0YWNrcyAgICAgICAgICAgICAgICAgICAgICAgICAgICAoU1FMIEluamVjdGlvbiBldGMuKSBhbmQgaWRlbnRpZmllcyB2dWxuZXJhYmlsaXRpZXMgICAgICAgICAgICAgICAgICAgICAgICAgICAgdGhhdCBuZWVkIHRvIGJlIGZpeGVkLjwvc3Ryb25nPiA8L3A%2bICAgICAgICAgICAgICAgICAgICAgICAgICAgPHA%2bPHN0cm9uZz5TZWN1cmluZyB5b3VyIHdlYnNpdGUgc2hvdWxkIGJlIHlvdXIgbnVtYmVyIG9uZSAgICAgICAgICAgICAgICAgICAgICAgICAgICBjb25jZXJuPC9zdHJvbmc%2bPGJyIC8%2bICAgICAgICAgICAgICAgICAgICAgICAgICAgSGFja2VycyBhcmUgY29uY2VudHJhdGluZyB0aGVpciBlZmZvcnRzIG9uIHdlYi1iYXNlZCAgICAgICAgICAgICAgICAgICAgICAgICAgICBhcHBsaWNhdGlvbnMgLSA3NSUgb2YgY3liZXIgYXR0YWNrcyBhcmUgZG9uZSBhdCB0aGUgICAgICAgICAgICAgICAgICAgICAgICAgICAgd2ViIGFwcGxpY2F0aW9uIGxldmVsLCBhIEdhcnRuZXIgR3JvdXAgc3R1ZHkgaGFzIHJldmVhbGVkLiAgICAgICAgICAgICAgICAgICAgICAgICAgICBXZWIgYXBwbGljYXRpb25zIGFyZSBhY2Nlc3NpYmxlIDI0IGhvdXJzIGEgZGF5LCA3IGRheXMgICAgICAgICAgICAgICAgICAgICAgICAgICAgYSB3ZWVrIGFuZCBjb250cm9sIHZhbHVhYmxlIGRhdGEgc3VjaCBhcyBjdXN0b21lciBpbmZvcm1hdGlvbiwgICAgICAgICAgICAgICAgICAgICAgICAgICAgdHJhbnNhY3Rpb24gaW5mb3JtYXRpb24gYW5kIGV2ZW4gcHJvcHJpZXRhcnkgY29ycG9yYXRlICAgICAgICAgICAgICAgICAgICAgICAgICAgIGRhdGEuPC9wPiAgICAgICAgICAgICAgICAgICAgICAgICAgIDxwPjxzdHJvbmc%2bNTAwLDAwMCBjdXN0b21lciBjcmVkaXQgY2FyZCBudW1iZXJzIG9idGFpbmVkIHZpYSAgICAgICAgICAgICAgICAgICAgICAgICAgICBhIHdlYiBhdHRhY2s8L3N0cm9uZz48YnIgLz4gICAgICAgICAgICAgICAgICAgICAgICAgICBXZWxsLWtub3duIHNpdGVzIHRoYXQgd2VyZSBvcGVuIHRvIHdlYiBhcHBsaWNhdGlvbiBhdHRhY2tzICAgICAgICAgICAgICAgICAgICAgICAgICAgIGluY2x1ZGUgZmFzaGlvbiBsYWJlbCBHdWVzcyBhbmQgcGV0IHN1cHBseSByZXRhaWxlciAgICAgICAgICAgICAgICAgICAgICAgICAgICBQZXRDby5jb20gd2hvIHdlcmUgbm90b3Jpb3VzbHkgZm91bmQgdG8gYmUgdnVsbmVyYWJsZSAgICAgICAgICAgICAgICAgICAgICAgICAgICB0byB0aGUgU1FMIGluamVjdGlvbiB2dWxuZXJhYmlsaXR5IChKdW5lIDIwMDMpLiBUaGlzICAgICAgICAgICAgICAgICAgICAgICAgICAgIHJlc3VsdGVkIGluIFBldENvIGxlYXZpbmcgYXMgbWFueSBhcyA1MDAsMDAwIGNyZWRpdCAgICAgICAgICAgICAgICAgICAgICAgICAgICBjYXJkIG51bWJlcnMgb3BlbiB0byBhbnlvbmUgYWJsZSB0byBjb25zdHJ1Y3QgdGhpcyBzcGVjaWFsbHktY3JhZnRlZCAgICAgICAgICAgICAgICAgICAgICAgICAgICBVUkwuPC9wPiAgICAgICAgICAgICAgICAgICAgICAgICAgIDxwPjxzdHJvbmc%2bRmlyZXdhbGxzLCBTU0wgYW5kIGxvY2tlZC1kb3duIHNlcnZlcnMgYXJlIGZ1dGlsZSAgICAgICAgICAgICAgICAgICAgICAgICAgICBhZ2FpbnN0IHdlYiBhcHBsaWNhdGlvbiBoYWNraW5nPC9zdHJvbmc%2bPGJyIC8%2bICAgICAgICAgICAgICAgICAgICAgICAgICAgQW55IGRlZmVuc2UgYXQgbmV0d29yayBzZWN1cml0eSBsZXZlbCB3aWxsIHByb3ZpZGUgbm8gICAgICAgICAgICAgICAgICAgICAgICAgICAgcHJvdGVjdGlvbiBhZ2FpbnN0IHdlYiBhcHBsaWNhdGlvbiBhdHRhY2tzIHNpbmNlIHRoZXkgICAgICAgICAgICAgICAgICAgICAgICAgICAgYXJlIGxhdW5jaGVkIG9uIHBvcnQgODAgLSB3aGljaCBoYXMgdG8gcmVtYWluIG9wZW4uICAgICAgICAgICAgICAgICAgICAgICAgICAgIEluIGFkZGl0aW9uLCB3ZWIgYXBwbGljYXRpb25zIChjdXN0b21lciBhcmVhcywgc2hvcHBpbmcgICAgICAgICAgICAgICAgICAgICAgICAgICAgY2FydHMgZXRjLikgYXJlIG9mdGVuIHRhaWxvci1tYWRlLCBpbnZhcmlhYmx5IHRlc3RlZCAgICAgICAgICAgICAgICAgICAgICAgICAgICBsZXNzIHRoYW4gb2ZmLXRoZS1zaGVsZiBzb2Z0d2FyZSBhbmQgYXJlIHRoZXJlZm9yZSBtb3JlICAgICAgICAgICAgICAgICAgICAgICAgICAgIHN1c2NlcHRpYmxlIHRvIGF0dGFjay48L3A%2bICAgICAgICAgICAgICAgICAgICAgICAgICAgPHA%2bJnF1b3Q7Q29tcGFuaWVzIGhhdmUgaW1wbGVtZW50ZWQgbmV0d29yay1sZXZlbCBzZWN1cml0eSwgICAgICAgICAgICAgICAgICAgICAgICAgICAgaG93ZXZlciB0aGV5IGZhaWwgdG8gYXVkaXQgYW5kIHNlY3VyZSB0aGVpciB3ZWIgYXBwbGljYXRpb25zLiAgICAgICAgICAgICAgICAgICAgICAgICAgICBUaGVzZSBhcHBsaWNhdGlvbnMgaGF2ZSBhY2Nlc3MgdG8gc2Vuc2l0aXZlIGRhdGEgYW5kICAgICAgICAgICAgICAgICAgICAgICAgICAgIGFyZSBhIGhhY2tlcidzIHByaW1lIHRhcmdldCwmcXVvdDsgc2FpZCBOaWNrIEdhbGVhLCAgICAgICAgICAgICAgICAgICAgICAgICAgICBDRU8gb2YgQWN1bmV0aXguICZxdW90O0F1ZGl0aW5nIG9uZSdzIHdlYiBhcHBzIHNob3VsZCAgICAgICAgICAgICAgICAgICAgICAgICAgICBiZSB0aGUgbnVtYmVyIG9uZSBzZWN1cml0eSBjb25jZXJuLiZxdW90OzwvcD4gICAgICAgICAgICAgICAgICAgICAgICAgICA8cD48c3Ryb25nPlRoZSBuZWVkIGZvciBhbiBhdXRvbWF0ZWQgd2ViIGFwcGxpY2F0aW9uIHZ1bG5lcmFiaWxpdHkgICAgICAgICAgICAgICAgICAgICAgICAgICAgc2Nhbm5lcjwvc3Ryb25nPjxiciAvPiAgICAgICAgICAgICAgICAgICAgICAgICAgIE1hbnVhbGx5IGF1ZGl0aW5nIGEgd2ViIGFwcGxpY2F0aW9uIGZvciB2dWxuZXJhYmlsaXRpZXMgICAgICAgICAgICAgICAgICAgICAgICAgICAgdG8gU1FMIGluamVjdGlvbiwgY3Jvc3Mgc2l0ZSBzY3JpcHRpbmcgYW5kIG90aGVyIHdlYiAgICAgICAgICAgICAgICAgICAgICAgICAgICBhdHRhY2tzIGlzIHZpcnR1YWxseSBpbXBvc3NpYmxlLiBXaXRoIEFjdW5ldGl4IFdlYiBWdWxuZXJhYmlsaXR5ICAgICAgICAgICAgICAgICAgICAgICAgICAgIFNjYW5uZXIgdGhlIHByb2Nlc3Mgb2YgYXVkaXRpbmcgd2ViIGFwcGxpY2F0aW9ucyBzdWNoICAgICAgICAgICAgICAgICAgICAgICAgICAgIGFzIHNob3BwaW5nIGNhcnRzIGFuZCBmb3JtcywgY2FuIGJlIGVhc2lseSBhdXRvbWF0ZWQuICAgICAgICAgICAgICAgICAgICAgICAgICAgIFdoYXQncyBtb3JlLCB0aGUgc2VjdXJpdHkgY2hlY2tzIGNhbiBlYXNpbHkgYmUgcmUtbGF1bmNoZWQgICAgICAgICAgICAgICAgICAgICAgICAgICAgZm9yIGVhY2ggYXBwbGljYXRpb24gdXBkYXRlLjwvcD4gICAgICAgICAgICAgICAgICAgICAgICAgICA8cD48c3Ryb25nPkhvdyBBY3VuZXRpeCBXZWIgVnVsbmVyYWJpbGl0eSBTY2FubmVyIHdvcmtzPC9zdHJvbmc%2bPGJyIC8%2bICAgICAgICAgICAgICAgICAgICAgICAgICAgQWN1bmV0aXggV1ZTIGZpcnN0IGNyYXdscyB0aGUgd2hvbGUgd2Vic2l0ZSwgYW5hbHl6ZXMgICAgICAgICAgICAgICAgICAgICAgICAgICAgaW4tZGVwdGggZWFjaCBmaWxlIGl0IGZpbmRzLCBhbmQgZGlzcGxheXMgdGhlIGVudGlyZSAgICAgICAgICAgICAgICAgICAgICAgICAgICB3ZWJzaXRlIHN0cnVjdHVyZS4gQWZ0ZXIgdGhpcyBkaXNjb3Zlcnkgc3RhZ2UsIGl0IHBlcmZvcm1zICAgICAgICAgICAgICAgICAgICAgICAgICAgIGFuIGF1dG9tYXRpYyBhdWRpdCBmb3IgY29tbW9uIHNlY3VyaXR5IHZ1bG5lcmFiaWxpdGllcy48L3A%2bICAgICAgICAgICAgICAgICAgICAgICAgICAgPHA%2bPHN0cm9uZz5BdXRvbWF0aWNhbGx5IGRldGVjdHMgU1FMIGluamVjdGlvbiwgY3Jvc3Mgc2l0ZSAgICAgICAgICAgICAgICAgICAgICAgICAgICBzY3JpcHRpbmcgYW5kIG90aGVyIHdlYiB2dWxuZXJhYmlsaXRpZXM8L3N0cm9uZz48YnIgLz4gICAgICAgICAgICAgICAgICAgICAgICAgICBTUUwgaW5qZWN0aW9uIGlzIGEgaGFja2luZyB0ZWNobmlxdWUgd2hpY2ggbW9kaWZpZXMgICAgICAgICAgICAgICAgICAgICAgICAgICAgU1FMIGNvbW1hbmRzIGluIG9yZGVyIHRvIGdhaW4gYWNjZXNzIHRvIGRhdGEgaW4gdGhlICAgICAgICAgICAgICAgICAgICAgICAgICAgIGRhdGFiYXNlLiBDcm9zcyBzaXRlIHNjcmlwdGluZyBhdHRhY2tzIGFsbG93IGEgaGFja2VyICAgICAgICAgICAgICAgICAgICAgICAgICAgIHRvIGV4ZWN1dGUgYSBtYWxpY2lvdXMgc2NyaXB0IG9uIHlvdXIgdmlzaXRvcnMnIGJyb3dzZXIuICAgICAgICAgICAgICAgICAgICAgICAgICAgIEFjdW5ldGl4IFdlYiBWdWxuZXJhYmlsaXR5IFNjYW5uZXIgY2FuIGNoZWNrIGlmIHlvdXIgICAgICAgICAgICAgICAgICAgICAgICAgICAgd2ViIGFwcGxpY2F0aW9uIGlzIHZ1bG5lcmFibGUgdG8gYm90aCBvZiB0aGVzZSBhdHRhY2tzLiAgICAgICAgICAgICAgICAgICAgICAgICAgICBNb3JlIGluZm9ybWF0aW9uIGFib3V0IGNyb3NzIHNpdGUgc2NyaXB0aW5nICZhbXA7IFNRTCAgICAgICAgICAgICAgICAgICAgICAgICAgICBpbmplY3Rpb24gYXQgb3VyIHdlYnNpdGUgc2VjdXJpdHkgaW5mbyBwYWdlLjwvcD4gICAgICAgICAgICAgICAgICAgICAgICAgICA8cD48c3Ryb25nPkFjdW5ldGl4IFdlYiBWdWxuZXJhYmlsaXR5IFNjYW5uZXIgYWxzbyBjaGVja3MgZm9yICAgICAgICAgICAgICAgICAgICAgICAgICAgIHRoZSBmb2xsb3dpbmcgd2ViIGF0dGFja3M6PC9zdHJvbmc%2bPC9wPiAgICAgICAgICAgICAgICAgICAgICAgICAgIDx1bD4gPGxpPkNSTEYgaW5qZWN0aW9uIGF0dGFja3M8YnIgLz4gICAgICAgICAgICAgICAgICAgICAgICAgICA8L2xpPjxsaT5Db2RlIGV4ZWN1dGlvbiBhdHRhY2tzPGJyIC8%2bICAgICAgICAgICAgICAgICAgICAgICAgICAgPC9saT48bGk%2bRGlyZWN0b3J5IHRyYXZlcnNhbCBhdHRhY2tzPGJyIC8%2bICAgICAgICAgICAgICAgICAgICAgICAgICAgPC9saT48bGk%2bRmlsZSBpbmNsdXNpb24gYXR0YWNrczxiciAvPiAgICAgICAgICAgICAgICAgICAgICAgICAgIDwvbGk%2bPGxpPiBJbnB1dCB2YWxpZGF0aW9uIGF0dGFja3M8YnIgLz4gICAgICAgICAgICAgICAgICAgICAgICAgICA8L2xpPjxsaT5BdXRoZW50aWNhdGlvbiBhdHRhY2tzLjwvbGk%2bIDwvdWw%2bICAgICAgICAgICAgICAgICAgICAgICAgICAgPHA%2bPHN0cm9uZz5BZHZhbmNlZCBwZW5ldHJhdGlvbiB0ZXN0aW5nIHRvb2xzPC9zdHJvbmc%2bPGJyIC8%2bICAgICAgICAgICAgICAgICAgICAgICAgICAgQWN1bmV0aXggV1ZTIGFsc28gaW5jbHVkZXMgdG9vbHMgc3VjaCBhcyBhbiBIVFRQIGVkaXRvciAgICAgICAgICAgICAgICAgICAgICAgICAgICAmYW1wOyBIVFRQIHNuaWZmZXIgdG8gYWxsb3cgY3VzdG9taXphdGlvbiBvZiB3ZWIgdnVsbmVyYWJpbGl0eSAgICAgICAgICAgICAgICAgICAgICAgICAgICBjaGVja3MuIFVzaW5nIHRoZSBWdWxuZXJhYmlsaXR5IGVkaXRvciwgbmV3IGF0dGFja3MgICAgICAgICAgICAgICAgICAgICAgICAgICAgY2FuIGVhc2lseSBiZSBjcmVhdGVkLjwvcD4gICAgICAgICAgICAgICAgICAgICAgICAgICA8cD48c3Ryb25nPlByaWNpbmcgJmFtcDsgYXZhaWxhYmlsaXR5PC9zdHJvbmc%2bPGJyIC8%2bICAgICAgICAgICAgICAgICAgICAgICAgICAgQWN1bmV0aXggV1ZTIGlzIGF2YWlsYWJsZSBhcyBhbiBlbnRlcnByaXNlIG9yIGFzIGEgY29uc3VsdGFudCAgICAgICAgICAgICAgICAgICAgICAgICAgICB2ZXJzaW9uLiBBIHN1YnNjcmlwdGlvbiBiYXNlZCBsaWNlbnNlIGNhbiBiZSBwdXJjaGFzZWQgICAgICAgICAgICAgICAgICAgICAgICAgICAgZm9yIGFzIGxpdHRsZSBhcyAkMzk1LCB3aGVyZWFzIGEgcGVycGV0dWFsIGxpY2Vuc2Ugc3RhcnRzICAgICAgICAgICAgICAgICAgICAgICAgICAgIGF0ICQyOTk1LiBGb3IgbW9yZSBpbmZvcm1hdGlvbiB2aXNpdCBvdXIgcHJpY2luZyBwYWdlLjwvcD4gICAgICAgICAgICAgICAgICAgICAgICAgICA8cD48c3Ryb25nPkFib3V0IEFjdW5ldGl4PC9zdHJvbmc%2bPC9wPiAgICAgPHA%2bVXNlci1mcmllbmRseSBhbmQgY29tcGV0aXRpdmVseSBwcmljZWQsIEFjdW5ldGl4IGxlYWRzIHRoZSBtYXJrZXQgaW4gYXV0b21hdGljIHdlYiBzZWN1cml0eSB0ZXN0aW5nIHRlY2hub2xvZ3kuIEl0cyBpbmR1c3RyeS1sZWFkaW5nIGNyYXdsZXIgZnVsbHkgc3VwcG9ydHMgSFRNTDUsIEphdmFTY3JpcHQsIGFuZCBBSkFYLWhlYXZ5IHdlYnNpdGVzLCBlbmFibGluZyB0aGUgYXVkaXRpbmcgb2YgY29tcGxleCwgYXV0aGVudGljYXRlZCBhcHBsaWNhdGlvbnMuIEFjdW5ldGl4IHByb3ZpZGVzIHRoZSBvbmx5IHRlY2hub2xvZ3kgb24gdGhlIG1hcmtldCB0aGF0IGNhbiBhdXRvbWF0aWNhbGx5IGRldGVjdCBvdXQtb2YtYmFuZCB2dWxuZXJhYmlsaXRpZXMgYW5kIGlzIGF2YWlsYWJsZSBib3RoIGFzIGFuIG9ubGluZSBhbmQgb24tcHJlbWlzZXMgc29sdXRpb24uIEFjdW5ldGl4IGFsc28gaW5jbHVkZXMgaW50ZWdyYXRlZCB2dWxuZXJhYmlsaXR5IG1hbmFnZW1lbnQgZmVhdHVyZXMgdG8gZXh0ZW5kIHRoZSBlbnRlcnByaXNlJnJzcXVvO3MgYWJpbGl0eSB0byBjb21wcmVoZW5zaXZlbHkgbWFuYWdlLCBwcmlvcml0aXplLCBhbmQgY29udHJvbCB2dWxuZXJhYmlsaXR5IHRocmVhdHMgJm5kYXNoOyBvcmRlcmVkIGJ5IGJ1c2luZXNzIGNyaXRpY2FsaXR5LjwvcD5kAgkPDxYCHgtOYXZpZ2F0ZVVybAUSQ29tbWVudHMuYXNweD9pZD0yZGQCCw8WAh4Dc3JjBQxhZHMvZGVmLmh0bWxkZCqQXr9Bo%2bfii5vVAAhGyfGRVNk1&__VIEWSTATEGENERATOR=532053C5,0,0,0,0,0,0,good
GET,/jscripts/tiny_mce/utils/,,0,0,0,0,0,0,good
POST,/Comments.aspx?id=2,btnSend=Send%20comment&tbComment=1&__EVENTARGUMENT=&__EVENTTARGET=&__EVENTVALIDATION=/wEWWQKz/4etDAKAgcfvBQKFzrr8AQLRp67yDgLQp%2bbjBwLcy%2bvqAgLcy%2bvqAgLcy9/TDwLcy9/TDwLcy/P2CALcy/P2CAKx0t2fCgKx0t2fCgKx0vGyAwKx0vGyAwKx0uXJDAKx0uXJDAKx0pnsBQKx0pnsBQKx0o2DDQKx0o2DDQKx0qGmBgKx0qGmBgKx0tX6DwKx0tX6DwKx0smRBwKx0smRBwKx0r35BQKx0r35BQKx0tGdDQKx0tGdDQKK%2baMFAor5owUCivnX2QkCivnX2QkCivnL/AICivnL/AICivn/kwoCivn/kwoCivmTtgMCivmTtgMCivmHzQwCivmHzQwCivm74AUCivm74AUCivmvhw0Civmvhw0CivmD7AsCivmD7AsCivm3gwMCivm3gwMCv5PjxAkCv5PjxAkCv5OXmwECv5OXmwECv5OLvgoCv5OLvgoCv5O/1QMCv5O/1QMCv5PT6QwCv5PT6QwCv5PHjAQCv5PHjAQCv5P7ow0Cv5P7ow0Cv5PvxgYCv5PvxgYCv5PDrwMCv5PDrwMCv5P3wgwCv5P3wgwCkLrB6w8CkLrB6w8CkLr1jgcCkLr1jgcCkLrpJQKQuuklApC6nfgJApC6nfgJApC6sZ8BApC6sZ8BApC6pbIKApC6pbIKApC62dYDApC62dYDApC6ze0MApC6ze0MApC6odUJApC6odUJG6RFNnB0L19833JkUk9XoVpXvYY%3d&__VIEWSTATE=/wEPDwUKLTg2MjcwMzE2Mg9kFgICAQ9kFgoCAQ9kFgQCAQ8WBB4EaHJlZgUKbG9naW4uYXNweB4JaW5uZXJodG1sBQVsb2dpbmQCAw8WBB8AZB4HVmlzaWJsZWhkAgMPFgIfAQVJcG9zdGVkIGJ5IDxzdHJvbmc%2bYWRtaW4gICAgICAgICAgICAgICAgICAgIDwvc3Ryb25nPjExLzgvMjAwNSAxMTozNzozNSBBTWQCBQ8WBB8BBTFBY3VuZXRpeCBXZWIgVnVsbmVyYWJpbGl0eSBTY2FubmVyIGJldGEgcmVsZWFzZWQhHwAFElJlYWROZXdzLmFzcHg/aWQ9M2QCBw8WAh8BBagBMjYgSmFudWFyeSAyMDA1IC0gQSBiZXRhIHZlcnNpb24gb2YgQWN1bmV0aXggV2ViIFZ1bG5lcmFiaWxpdHkgU2Nhbm5lciBoYXMgYmVlbiByZWxlYXNlZCB0b2RheS4gVGhlIGJldGEgaXMgYXZhaWxhYmxlIGZvciBkb3dubG9hZCBhdCBodHRwOi8vd3d3LmFjdW5ldGl4LmNvbS9kb3dubG9hZC8uZAIJD2QWAgIBD2QWNmYPZBYCZg8WAh8BBSU8SU1HIHNyYz0iaW1hZ2VzL2NvbW1lbnQtYmVmb3JlLmdpZiI%2bZAIBD2QWAmYPFgIeBWNsYXNzBQdDb21tZW50ZAICD2QWAmYPFgIfAQUkPElNRyBzcmM9ImltYWdlcy9jb21tZW50LWFmdGVyLmdpZiI%2bZAIDD2QWAmYPFgIfAQUlPElNRyBzcmM9ImltYWdlcy9jb21tZW50LWJlZm9yZS5naWYiPmQCBA9kFgJmDxYCHwMFB0NvbW1lbnRkAgUPZBYCZg8WAh8BBSQ8SU1HIHNyYz0iaW1hZ2VzL2NvbW1lbnQtYWZ0ZXIuZ2lmIj5kAgYPZBYCZg8WAh8BBSU8SU1HIHNyYz0iaW1hZ2VzL2NvbW1lbnQtYmVmb3JlLmdpZiI%2bZAIHD2QWAmYPFgIfAwUHQ29tbWVudGQCCA9kFgJmDxYCHwEFJDxJTUcgc3JjPSJpbWFnZXMvY29tbWVudC1hZnRlci5naWYiPmQCCQ9kFgJmDxYCHwEFJTxJTUcgc3JjPSJpbWFnZXMvY29tbWVudC1iZWZvcmUuZ2lmIj5kAgoPZBYCZg8WAh8DBQdDb21tZW50ZAILD2QWAmYPFgIfAQUkPElNRyBzcmM9ImltYWdlcy9jb21tZW50LWFmdGVyLmdpZiI%2bZAIMD2QWAmYPFgIfAQUlPElNRyBzcmM9ImltYWdlcy9jb21tZW50LWJlZm9yZS5naWYiPmQCDQ9kFgJmDxYCHwMFB0NvbW1lbnRkAg4PZBYCZg8WAh8BBSQ8SU1HIHNyYz0iaW1hZ2VzL2NvbW1lbnQtYWZ0ZXIuZ2lmIj5kAg8PZBYCZg8WAh8BBSU8SU1HIHNyYz0iaW1hZ2VzL2NvbW1lbnQtYmVmb3JlLmdpZiI%2bZAIQD2QWAmYPFgIfAwUHQ29tbWVudGQCEQ9kFgJmDxYCHwEFJDxJTUcgc3JjPSJpbWFnZXMvY29tbWVudC1hZnRlci5naWYiPmQCEg9kFgJmDxYCHwEFJTxJTUcgc3JjPSJpbWFnZXMvY29tbWVudC1iZWZvcmUuZ2lmIj5kAhMPZBYCZg8WAh8DBQdDb21tZW50ZAIUD2QWAmYPFgIfAQUkPElNRyBzcmM9ImltYWdlcy9jb21tZW50LWFmdGVyLmdpZiI%2bZAIVD2QWAmYPFgIfAQUlPElNRyBzcmM9ImltYWdlcy9jb21tZW50LWJlZm9yZS5naWYiPmQCFg9kFgJmDxYCHwMFB0NvbW1lbnRkAhcPZBYCZg8WAh8BBSQ8SU1HIHNyYz0iaW1hZ2VzL2NvbW1lbnQtYWZ0ZXIuZ2lmIj5kAhgPZBYCZg8WAh8BBSU8SU1HIHNyYz0iaW1hZ2VzL2NvbW1lbnQtYmVmb3JlLmdpZiI%2bZAIZD2QWAmYPFgIfAwUHQ29tbWVudGQCGg9kFgJmDxYCHwEFJDxJTUcgc3JjPSJpbWFnZXMvY29tbWVudC1hZnRlci5naWYiPmRkxXm4Mj0SY5c/Ydldpb2IB1OjGvI%3d&__VIEWSTATEGENERATOR=58A73C4D,0,0,0,0,1,0,good
GET,/Mod_Rewrite_Shop/BuyProduct-3/,,0,0,0,0,0,0,good
GET,/retirement.htm,,0,0,0,0,0,0,good
GET,/Mod_Rewrite_Shop/BuyProduct-1/,,0,0,0,0,0,0,good
GET,/AJAX/artists.php,,0,0,0,0,0,0,good
GET,/hpp/params.php?p=valid&pp=12,,0,0,0,0,0,0,good
GET,/Mod_Rewrite_Shop/RateProduct-1.html,,0,0,0,0,0,0,good
GET,/Global.asax.resx,,0,0,0,0,0,0,good
GET,/secured/office.htm,,0,0,0,0,0,0,good
GET,/login.php,,0,0,0,0,0,0,good
GET,/vendor/installed.json,,0,0,0,0,0,0,good
GET,/Default.asp,,0,0,0,0,0,0,good
GET,/images,,0,0,0,0,0,0,good
GET,/Login.asp?RetURL=/Search.asp%3F,,0,0,0,0,0,0,good
GET,/Mod_Rewrite_Shop/details.php,,0,0,0,0,0,0,good
GET,/index.jsp?content=inside.htm,,0,0,0,0,0,0,good
GET,/static/img/,,0,0,0,0,0,0,good
GET,/altoro,,0,0,0,0,0,0,good
GET,/Up2PLLBi,,0,0,0,0,0,0,good
GET,/Comments.aspx.resx,,0,0,0,0,0,0,good
GET,/jscripts/tiny_mce/,,0,0,0,0,0,0,good
GET,/static/app/partials/latest.html,,0,0,0,0,0,0,good
GET,/logout.aspx.resx,,0,0,0,0,0,0,good
GET,/ReadNews.aspx?id=2&NewsAd=ads/def.html,,0,0,0,0,0,0,good
GET,/bxss/cleanDatabase.php,,0,0,0,0,0,0,good
GET,/static/app/partials,,0,0,0,0,0,0,good
GET,/jscripts/tiny_mce/themes/simple/,,0,0,0,0,0,0,good
GET,/static/app/partials/about.html,,0,0,0,0,0,0,good
GET,/Images/,,0,0,0,0,0,0,good
GET,/,,0,0,0,0,0,0,good
GET,/GbYDg590,,0,0,0,0,0,0,good
GET,/Mod_Rewrite_Shop/Details,,0,0,0,0,0,0,good
POST,/ReadNews.aspx?id=2&NewsAd=ads/def.html,__EVENTARGUMENT=&__EVENTTARGET=&__EVENTVALIDATION=/wEWVwLjj6S6DALRp67yDgLQp%2bbjBwLcy%2bvqAgLcy%2bvqAgLcy9/TDwLcy9/TDwLcy/P2CALcy/P2CAKx0t2fCgKx0t2fCgKx0vGyAwKx0vGyAwKx0uXJDAKx0uXJDAKx0pnsBQKx0pnsBQKx0o2DDQKx0o2DDQKx0qGmBgKx0qGmBgKx0tX6DwKx0tX6DwKx0smRBwKx0smRBwKx0r35BQKx0r35BQKx0tGdDQKx0tGdDQKK%2baMFAor5owUCivnX2QkCivnX2QkCivnL/AICivnL/AICivn/kwoCivn/kwoCivmTtgMCivmTtgMCivmHzQwCivmHzQwCivm74AUCivm74AUCivmvhw0Civmvhw0CivmD7AsCivmD7AsCivm3gwMCivm3gwMCv5PjxAkCv5PjxAkCv5OXmwECv5OXmwECv5OLvgoCv5OLvgoCv5O/1QMCv5O/1QMCv5PT6QwCv5PT6QwCv5PHjAQCv5PHjAQCv5P7ow0Cv5P7ow0Cv5PvxgYCv5PvxgYCv5PDrwMCv5PDrwMCv5P3wgwCv5P3wgwCkLrB6w8CkLrB6w8CkLr1jgcCkLr1jgcCkLrpJQKQuuklApC6nfgJApC6nfgJApC6sZ8BApC6sZ8BApC6pbIKApC6pbIKApC62dYDApC62dYDApC6ze0MApC6ze0MApC6odUJApC6odUJ9Tq6GDrB1PdfR0yv1TnbuLoV6KY%3d&__VIEWSTATE=/wEPDwUKLTM1MjIzMjU2OQ9kFgICAQ9kFgwCAQ9kFgQCAQ8WBB4EaHJlZgUKbG9naW4uYXNweB4JaW5uZXJodG1sBQVsb2dpbmQCAw8WBB8AZB4HVmlzaWJsZWhkAgMPFgIfAQVJcG9zdGVkIGJ5IDxzdHJvbmc%2bYWRtaW4gICAgICAgICAgICAgICAgICAgIDwvc3Ryb25nPjExLzgvMjAwNSAxMTozNToyMiBBTWQCBQ8WAh8BBTxXZWIgYXR0YWNrcyAtIGNhbiB5b3VyIHdlYiBhcHBsaWNhdGlvbnMgd2l0aHN0YW5kIHRoZSBmb3JjZT9kAgcPFgIfAQWbODxwPjxzdHJvbmc%2bQWN1bmV0aXggY29tYmF0cyByaXNlIGluIHdlYiBhdHRhY2tzIHdpdGggQWN1bmV0aXggICAgICAgICAgICAgICAgICAgICAgICAgICAgV2ViIFZ1bG5lcmFiaWxpdHkgU2Nhbm5lciAyIDwvc3Ryb25nPjwvcD4gICAgICAgICAgICAgICAgICAgICAgICAgICA8cD4yMSBKdWx5IDIwMDUgLSA8c3Ryb25nPlN0YXJ0LXVwIGNvbXBhbnkgQWN1bmV0aXggcmVsZWFzZWQgICAgICAgICAgICAgICAgICAgICAgICAgICAgQWN1bmV0aXggV2ViIFZ1bG5lcmFiaWxpdHkgU2Nhbm5lcjogYSB0b29sIHRvIGF1dG9tYXRpY2FsbHkgICAgICAgICAgICAgICAgICAgICAgICAgICAgYXVkaXQgd2Vic2l0ZSBzZWN1cml0eS4gQWN1bmV0aXggV2ViIFZ1bG5lcmFiaWxpdHkgU2Nhbm5lciAgICAgICAgICAgICAgICAgICAgICAgICAgICAyIGNyYXdscyBhbiBlbnRpcmUgd2Vic2l0ZSwgbGF1bmNoZXMgcG9wdWxhciB3ZWIgYXR0YWNrcyAgICAgICAgICAgICAgICAgICAgICAgICAgICAoU1FMIEluamVjdGlvbiBldGMuKSBhbmQgaWRlbnRpZmllcyB2dWxuZXJhYmlsaXRpZXMgICAgICAgICAgICAgICAgICAgICAgICAgICAgdGhhdCBuZWVkIHRvIGJlIGZpeGVkLjwvc3Ryb25nPiA8L3A%2bICAgICAgICAgICAgICAgICAgICAgICAgICAgPHA%2bPHN0cm9uZz5TZWN1cmluZyB5b3VyIHdlYnNpdGUgc2hvdWxkIGJlIHlvdXIgbnVtYmVyIG9uZSAgICAgICAgICAgICAgICAgICAgICAgICAgICBjb25jZXJuPC9zdHJvbmc%2bPGJyIC8%2bICAgICAgICAgICAgICAgICAgICAgICAgICAgSGFja2VycyBhcmUgY29uY2VudHJhdGluZyB0aGVpciBlZmZvcnRzIG9uIHdlYi1iYXNlZCAgICAgICAgICAgICAgICAgICAgICAgICAgICBhcHBsaWNhdGlvbnMgLSA3NSUgb2YgY3liZXIgYXR0YWNrcyBhcmUgZG9uZSBhdCB0aGUgICAgICAgICAgICAgICAgICAgICAgICAgICAgd2ViIGFwcGxpY2F0aW9uIGxldmVsLCBhIEdhcnRuZXIgR3JvdXAgc3R1ZHkgaGFzIHJldmVhbGVkLiAgICAgICAgICAgICAgICAgICAgICAgICAgICBXZWIgYXBwbGljYXRpb25zIGFyZSBhY2Nlc3NpYmxlIDI0IGhvdXJzIGEgZGF5LCA3IGRheXMgICAgICAgICAgICAgICAgICAgICAgICAgICAgYSB3ZWVrIGFuZCBjb250cm9sIHZhbHVhYmxlIGRhdGEgc3VjaCBhcyBjdXN0b21lciBpbmZvcm1hdGlvbiwgICAgICAgICAgICAgICAgICAgICAgICAgICAgdHJhbnNhY3Rpb24gaW5mb3JtYXRpb24gYW5kIGV2ZW4gcHJvcHJpZXRhcnkgY29ycG9yYXRlICAgICAgICAgICAgICAgICAgICAgICAgICAgIGRhdGEuPC9wPiAgICAgICAgICAgICAgICAgICAgICAgICAgIDxwPjxzdHJvbmc%2bNTAwLDAwMCBjdXN0b21lciBjcmVkaXQgY2FyZCBudW1iZXJzIG9idGFpbmVkIHZpYSAgICAgICAgICAgICAgICAgICAgICAgICAgICBhIHdlYiBhdHRhY2s8L3N0cm9uZz48YnIgLz4gICAgICAgICAgICAgICAgICAgICAgICAgICBXZWxsLWtub3duIHNpdGVzIHRoYXQgd2VyZSBvcGVuIHRvIHdlYiBhcHBsaWNhdGlvbiBhdHRhY2tzICAgICAgICAgICAgICAgICAgICAgICAgICAgIGluY2x1ZGUgZmFzaGlvbiBsYWJlbCBHdWVzcyBhbmQgcGV0IHN1cHBseSByZXRhaWxlciAgICAgICAgICAgICAgICAgICAgICAgICAgICBQZXRDby5jb20gd2hvIHdlcmUgbm90b3Jpb3VzbHkgZm91bmQgdG8gYmUgdnVsbmVyYWJsZSAgICAgICAgICAgICAgICAgICAgICAgICAgICB0byB0aGUgU1FMIGluamVjdGlvbiB2dWxuZXJhYmlsaXR5IChKdW5lIDIwMDMpLiBUaGlzICAgICAgICAgICAgICAgICAgICAgICAgICAgIHJlc3VsdGVkIGluIFBldENvIGxlYXZpbmcgYXMgbWFueSBhcyA1MDAsMDAwIGNyZWRpdCAgICAgICAgICAgICAgICAgICAgICAgICAgICBjYXJkIG51bWJlcnMgb3BlbiB0byBhbnlvbmUgYWJsZSB0byBjb25zdHJ1Y3QgdGhpcyBzcGVjaWFsbHktY3JhZnRlZCAgICAgICAgICAgICAgICAgICAgICAgICAgICBVUkwuPC9wPiAgICAgICAgICAgICAgICAgICAgICAgICAgIDxwPjxzdHJvbmc%2bRmlyZXdhbGxzLCBTU0wgYW5kIGxvY2tlZC1kb3duIHNlcnZlcnMgYXJlIGZ1dGlsZSAgICAgICAgICAgICAgICAgICAgICAgICAgICBhZ2FpbnN0IHdlYiBhcHBsaWNhdGlvbiBoYWNraW5nPC9zdHJvbmc%2bPGJyIC8%2bICAgICAgICAgICAgICAgICAgICAgICAgICAgQW55IGRlZmVuc2UgYXQgbmV0d29yayBzZWN1cml0eSBsZXZlbCB3aWxsIHByb3ZpZGUgbm8gICAgICAgICAgICAgICAgICAgICAgICAgICAgcHJvdGVjdGlvbiBhZ2FpbnN0IHdlYiBhcHBsaWNhdGlvbiBhdHRhY2tzIHNpbmNlIHRoZXkgICAgICAgICAgICAgICAgICAgICAgICAgICAgYXJlIGxhdW5jaGVkIG9uIHBvcnQgODAgLSB3aGljaCBoYXMgdG8gcmVtYWluIG9wZW4uICAgICAgICAgICAgICAgICAgICAgICAgICAgIEluIGFkZGl0aW9uLCB3ZWIgYXBwbGljYXRpb25zIChjdXN0b21lciBhcmVhcywgc2hvcHBpbmcgICAgICAgICAgICAgICAgICAgICAgICAgICAgY2FydHMgZXRjLikgYXJlIG9mdGVuIHRhaWxvci1tYWRlLCBpbnZhcmlhYmx5IHRlc3RlZCAgICAgICAgICAgICAgICAgICAgICAgICAgICBsZXNzIHRoYW4gb2ZmLXRoZS1zaGVsZiBzb2Z0d2FyZSBhbmQgYXJlIHRoZXJlZm9yZSBtb3JlICAgICAgICAgICAgICAgICAgICAgICAgICAgIHN1c2NlcHRpYmxlIHRvIGF0dGFjay48L3A%2bICAgICAgICAgICAgICAgICAgICAgICAgICAgPHA%2bJnF1b3Q7Q29tcGFuaWVzIGhhdmUgaW1wbGVtZW50ZWQgbmV0d29yay1sZXZlbCBzZWN1cml0eSwgICAgICAgICAgICAgICAgICAgICAgICAgICAgaG93ZXZlciB0aGV5IGZhaWwgdG8gYXVkaXQgYW5kIHNlY3VyZSB0aGVpciB3ZWIgYXBwbGljYXRpb25zLiAgICAgICAgICAgICAgICAgICAgICAgICAgICBUaGVzZSBhcHBsaWNhdGlvbnMgaGF2ZSBhY2Nlc3MgdG8gc2Vuc2l0aXZlIGRhdGEgYW5kICAgICAgICAgICAgICAgICAgICAgICAgICAgIGFyZSBhIGhhY2tlcidzIHByaW1lIHRhcmdldCwmcXVvdDsgc2FpZCBOaWNrIEdhbGVhLCAgICAgICAgICAgICAgICAgICAgICAgICAgICBDRU8gb2YgQWN1bmV0aXguICZxdW90O0F1ZGl0aW5nIG9uZSdzIHdlYiBhcHBzIHNob3VsZCAgICAgICAgICAgICAgICAgICAgICAgICAgICBiZSB0aGUgbnVtYmVyIG9uZSBzZWN1cml0eSBjb25jZXJuLiZxdW90OzwvcD4gICAgICAgICAgICAgICAgICAgICAgICAgICA8cD48c3Ryb25nPlRoZSBuZWVkIGZvciBhbiBhdXRvbWF0ZWQgd2ViIGFwcGxpY2F0aW9uIHZ1bG5lcmFiaWxpdHkgICAgICAgICAgICAgICAgICAgICAgICAgICAgc2Nhbm5lcjwvc3Ryb25nPjxiciAvPiAgICAgICAgICAgICAgICAgICAgICAgICAgIE1hbnVhbGx5IGF1ZGl0aW5nIGEgd2ViIGFwcGxpY2F0aW9uIGZvciB2dWxuZXJhYmlsaXRpZXMgICAgICAgICAgICAgICAgICAgICAgICAgICAgdG8gU1FMIGluamVjdGlvbiwgY3Jvc3Mgc2l0ZSBzY3JpcHRpbmcgYW5kIG90aGVyIHdlYiAgICAgICAgICAgICAgICAgICAgICAgICAgICBhdHRhY2tzIGlzIHZpcnR1YWxseSBpbXBvc3NpYmxlLiBXaXRoIEFjdW5ldGl4IFdlYiBWdWxuZXJhYmlsaXR5ICAgICAgICAgICAgICAgICAgICAgICAgICAgIFNjYW5uZXIgdGhlIHByb2Nlc3Mgb2YgYXVkaXRpbmcgd2ViIGFwcGxpY2F0aW9ucyBzdWNoICAgICAgICAgICAgICAgICAgICAgICAgICAgIGFzIHNob3BwaW5nIGNhcnRzIGFuZCBmb3JtcywgY2FuIGJlIGVhc2lseSBhdXRvbWF0ZWQuICAgICAgICAgICAgICAgICAgICAgICAgICAgIFdoYXQncyBtb3JlLCB0aGUgc2VjdXJpdHkgY2hlY2tzIGNhbiBlYXNpbHkgYmUgcmUtbGF1bmNoZWQgICAgICAgICAgICAgICAgICAgICAgICAgICAgZm9yIGVhY2ggYXBwbGljYXRpb24gdXBkYXRlLjwvcD4gICAgICAgICAgICAgICAgICAgICAgICAgICA8cD48c3Ryb25nPkhvdyBBY3VuZXRpeCBXZWIgVnVsbmVyYWJpbGl0eSBTY2FubmVyIHdvcmtzPC9zdHJvbmc%2bPGJyIC8%2bICAgICAgICAgICAgICAgICAgICAgICAgICAgQWN1bmV0aXggV1ZTIGZpcnN0IGNyYXdscyB0aGUgd2hvbGUgd2Vic2l0ZSwgYW5hbHl6ZXMgICAgICAgICAgICAgICAgICAgICAgICAgICAgaW4tZGVwdGggZWFjaCBmaWxlIGl0IGZpbmRzLCBhbmQgZGlzcGxheXMgdGhlIGVudGlyZSAgICAgICAgICAgICAgICAgICAgICAgICAgICB3ZWJzaXRlIHN0cnVjdHVyZS4gQWZ0ZXIgdGhpcyBkaXNjb3Zlcnkgc3RhZ2UsIGl0IHBlcmZvcm1zICAgICAgICAgICAgICAgICAgICAgICAgICAgIGFuIGF1dG9tYXRpYyBhdWRpdCBmb3IgY29tbW9uIHNlY3VyaXR5IHZ1bG5lcmFiaWxpdGllcy48L3A%2bICAgICAgICAgICAgICAgICAgICAgICAgICAgPHA%2bPHN0cm9uZz5BdXRvbWF0aWNhbGx5IGRldGVjdHMgU1FMIGluamVjdGlvbiwgY3Jvc3Mgc2l0ZSAgICAgICAgICAgICAgICAgICAgICAgICAgICBzY3JpcHRpbmcgYW5kIG90aGVyIHdlYiB2dWxuZXJhYmlsaXRpZXM8L3N0cm9uZz48YnIgLz4gICAgICAgICAgICAgICAgICAgICAgICAgICBTUUwgaW5qZWN0aW9uIGlzIGEgaGFja2luZyB0ZWNobmlxdWUgd2hpY2ggbW9kaWZpZXMgICAgICAgICAgICAgICAgICAgICAgICAgICAgU1FMIGNvbW1hbmRzIGluIG9yZGVyIHRvIGdhaW4gYWNjZXNzIHRvIGRhdGEgaW4gdGhlICAgICAgICAgICAgICAgICAgICAgICAgICAgIGRhdGFiYXNlLiBDcm9zcyBzaXRlIHNjcmlwdGluZyBhdHRhY2tzIGFsbG93IGEgaGFja2VyICAgICAgICAgICAgICAgICAgICAgICAgICAgIHRvIGV4ZWN1dGUgYSBtYWxpY2lvdXMgc2NyaXB0IG9uIHlvdXIgdmlzaXRvcnMnIGJyb3dzZXIuICAgICAgICAgICAgICAgICAgICAgICAgICAgIEFjdW5ldGl4IFdlYiBWdWxuZXJhYmlsaXR5IFNjYW5uZXIgY2FuIGNoZWNrIGlmIHlvdXIgICAgICAgICAgICAgICAgICAgICAgICAgICAgd2ViIGFwcGxpY2F0aW9uIGlzIHZ1bG5lcmFibGUgdG8gYm90aCBvZiB0aGVzZSBhdHRhY2tzLiAgICAgICAgICAgICAgICAgICAgICAgICAgICBNb3JlIGluZm9ybWF0aW9uIGFib3V0IGNyb3NzIHNpdGUgc2NyaXB0aW5nICZhbXA7IFNRTCAgICAgICAgICAgICAgICAgICAgICAgICAgICBpbmplY3Rpb24gYXQgb3VyIHdlYnNpdGUgc2VjdXJpdHkgaW5mbyBwYWdlLjwvcD4gICAgICAgICAgICAgICAgICAgICAgICAgICA8cD48c3Ryb25nPkFjdW5ldGl4IFdlYiBWdWxuZXJhYmlsaXR5IFNjYW5uZXIgYWxzbyBjaGVja3MgZm9yICAgICAgICAgICAgICAgICAgICAgICAgICAgIHRoZSBmb2xsb3dpbmcgd2ViIGF0dGFja3M6PC9zdHJvbmc%2bPC9wPiAgICAgICAgICAgICAgICAgICAgICAgICAgIDx1bD4gPGxpPkNSTEYgaW5qZWN0aW9uIGF0dGFja3M8YnIgLz4gICAgICAgICAgICAgICAgICAgICAgICAgICA8L2xpPjxsaT5Db2RlIGV4ZWN1dGlvbiBhdHRhY2tzPGJyIC8%2bICAgICAgICAgICAgICAgICAgICAgICAgICAgPC9saT48bGk%2bRGlyZWN0b3J5IHRyYXZlcnNhbCBhdHRhY2tzPGJyIC8%2bICAgICAgICAgICAgICAgICAgICAgICAgICAgPC9saT48bGk%2bRmlsZSBpbmNsdXNpb24gYXR0YWNrczxiciAvPiAgICAgICAgICAgICAgICAgICAgICAgICAgIDwvbGk%2bPGxpPiBJbnB1dCB2YWxpZGF0aW9uIGF0dGFja3M8YnIgLz4gICAgICAgICAgICAgICAgICAgICAgICAgICA8L2xpPjxsaT5BdXRoZW50aWNhdGlvbiBhdHRhY2tzLjwvbGk%2bIDwvdWw%2bICAgICAgICAgICAgICAgICAgICAgICAgICAgPHA%2bPHN0cm9uZz5BZHZhbmNlZCBwZW5ldHJhdGlvbiB0ZXN0aW5nIHRvb2xzPC9zdHJvbmc%2bPGJyIC8%2bICAgICAgICAgICAgICAgICAgICAgICAgICAgQWN1bmV0aXggV1ZTIGFsc28gaW5jbHVkZXMgdG9vbHMgc3VjaCBhcyBhbiBIVFRQIGVkaXRvciAgICAgICAgICAgICAgICAgICAgICAgICAgICAmYW1wOyBIVFRQIHNuaWZmZXIgdG8gYWxsb3cgY3VzdG9taXphdGlvbiBvZiB3ZWIgdnVsbmVyYWJpbGl0eSAgICAgICAgICAgICAgICAgICAgICAgICAgICBjaGVja3MuIFVzaW5nIHRoZSBWdWxuZXJhYmlsaXR5IGVkaXRvciwgbmV3IGF0dGFja3MgICAgICAgICAgICAgICAgICAgICAgICAgICAgY2FuIGVhc2lseSBiZSBjcmVhdGVkLjwvcD4gICAgICAgICAgICAgICAgICAgICAgICAgICA8cD48c3Ryb25nPlByaWNpbmcgJmFtcDsgYXZhaWxhYmlsaXR5PC9zdHJvbmc%2bPGJyIC8%2bICAgICAgICAgICAgICAgICAgICAgICAgICAgQWN1bmV0aXggV1ZTIGlzIGF2YWlsYWJsZSBhcyBhbiBlbnRlcnByaXNlIG9yIGFzIGEgY29uc3VsdGFudCAgICAgICAgICAgICAgICAgICAgICAgICAgICB2ZXJzaW9uLiBBIHN1YnNjcmlwdGlvbiBiYXNlZCBsaWNlbnNlIGNhbiBiZSBwdXJjaGFzZWQgICAgICAgICAgICAgICAgICAgICAgICAgICAgZm9yIGFzIGxpdHRsZSBhcyAkMzk1LCB3aGVyZWFzIGEgcGVycGV0dWFsIGxpY2Vuc2Ugc3RhcnRzICAgICAgICAgICAgICAgICAgICAgICAgICAgIGF0ICQyOTk1LiBGb3IgbW9yZSBpbmZvcm1hdGlvbiB2aXNpdCBvdXIgcHJpY2luZyBwYWdlLjwvcD4gICAgICAgICAgICAgICAgICAgICAgICAgICA8cD48c3Ryb25nPkFib3V0IEFjdW5ldGl4PC9zdHJvbmc%2bPC9wPiAgICAgPHA%2bVXNlci1mcmllbmRseSBhbmQgY29tcGV0aXRpdmVseSBwcmljZWQsIEFjdW5ldGl4IGxlYWRzIHRoZSBtYXJrZXQgaW4gYXV0b21hdGljIHdlYiBzZWN1cml0eSB0ZXN0aW5nIHRlY2hub2xvZ3kuIEl0cyBpbmR1c3RyeS1sZWFkaW5nIGNyYXdsZXIgZnVsbHkgc3VwcG9ydHMgSFRNTDUsIEphdmFTY3JpcHQsIGFuZCBBSkFYLWhlYXZ5IHdlYnNpdGVzLCBlbmFibGluZyB0aGUgYXVkaXRpbmcgb2YgY29tcGxleCwgYXV0aGVudGljYXRlZCBhcHBsaWNhdGlvbnMuIEFjdW5ldGl4IHByb3ZpZGVzIHRoZSBvbmx5IHRlY2hub2xvZ3kgb24gdGhlIG1hcmtldCB0aGF0IGNhbiBhdXRvbWF0aWNhbGx5IGRldGVjdCBvdXQtb2YtYmFuZCB2dWxuZXJhYmlsaXRpZXMgYW5kIGlzIGF2YWlsYWJsZSBib3RoIGFzIGFuIG9ubGluZSBhbmQgb24tcHJlbWlzZXMgc29sdXRpb24uIEFjdW5ldGl4IGFsc28gaW5jbHVkZXMgaW50ZWdyYXRlZCB2dWxuZXJhYmlsaXR5IG1hbmFnZW1lbnQgZmVhdHVyZXMgdG8gZXh0ZW5kIHRoZSBlbnRlcnByaXNlJnJzcXVvO3MgYWJpbGl0eSB0byBjb21wcmVoZW5zaXZlbHkgbWFuYWdlLCBwcmlvcml0aXplLCBhbmQgY29udHJvbCB2dWxuZXJhYmlsaXR5IHRocmVhdHMgJm5kYXNoOyBvcmRlcmVkIGJ5IGJ1c2luZXNzIGNyaXRpY2FsaXR5LjwvcD5kAgkPDxYCHgtOYXZpZ2F0ZVVybAUSQ29tbWVudHMuYXNweD9pZD0yZGQCCw8WAh4Dc3JjBQxhZHMvZGVmLmh0bWxkZCqQXr9Bo%2bfii5vVAAhGyfGRVNk1&__VIEWSTATEGENERATOR=532053C5,0,0,0,0,0,0,good
GET,/Templates,,0,0,0,0,0,0,good
GET,/PostNews.aspx,,0,0,0,0,0,0,good
GET,/PostNews.aspx.resx,,0,0,0,0,0,0,good
GET,/sitemap.xml.gz,,0,0,0,0,0,0,good
GET,/pictures,,0,0,0,0,0,0,good
GET,/medias/img,,0,0,0,0,0,0,good
GET,/images,,0,0,0,0,0,0,good
GET,/static/app,,0,0,0,0,0,0,good
GET,/wvstests/pmwiki_2_1_19,,0,0,0,0,0,0,good
GET,/listproducts.php,,0,0,0,0,0,0,good
GET,/guestbook.php,,0,0,0,0,0,0,good
GET,/jscripts/tiny_mce/utils/validate.js,,0,0,0,0,0,0,good
GET,/RightPanel.ascx,,0,0,0,0,0,0,good
GET,/hpp,,0,0,0,0,0,0,good
GET,/Templates/,,0,0,0,0,0,0,good
POST,/login.aspx?ReturnUrl=/logout.aspx,btnLogin=Login&cbPersistCookie=on&tbPassword=g00dPa%24%24w0rD&tbUsername=sndsgrka&__EVENTARGUMENT=&__EVENTTARGET=&__EVENTVALIDATION=/wEWWwLoz/fGCgLStq24BwK3jsrkBALtuvfLDQKC3IeGDALRp67yDgLQp%2bbjBwLcy%2bvqAgLcy%2bvqAgLcy9/TDwLcy9/TDwLcy/P2CALcy/P2CAKx0t2fCgKx0t2fCgKx0vGyAwKx0vGyAwKx0uXJDAKx0uXJDAKx0pnsBQKx0pnsBQKx0o2DDQKx0o2DDQKx0qGmBgKx0qGmBgKx0tX6DwKx0tX6DwKx0smRBwKx0smRBwKx0r35BQKx0r35BQKx0tGdDQKx0tGdDQKK%2baMFAor5owUCivnX2QkCivnX2QkCivnL/AICivnL/AICivn/kwoCivn/kwoCivmTtgMCivmTtgMCivmHzQwCivmHzQwCivm74AUCivm74AUCivmvhw0Civmvhw0CivmD7AsCivmD7AsCivm3gwMCivm3gwMCv5PjxAkCv5PjxAkCv5OXmwECv5OXmwECv5OLvgoCv5OLvgoCv5O/1QMCv5O/1QMCv5PT6QwCv5PT6QwCv5PHjAQCv5PHjAQCv5P7ow0Cv5P7ow0Cv5PvxgYCv5PvxgYCv5PDrwMCv5PDrwMCv5P3wgwCv5P3wgwCkLrB6w8CkLrB6w8CkLr1jgcCkLr1jgcCkLrpJQKQuuklApC6nfgJApC6nfgJApC6sZ8BApC6sZ8BApC6pbIKApC6pbIKApC62dYDApC62dYDApC6ze0MApC6ze0MApC6odUJApC6odUJGYbWyPhQI/wtK24Llff63SvWLPs%3d&__VIEWSTATE=/wEPDwUKLTIyMzk2OTgxMQ9kFgICAQ9kFgICAQ9kFgQCAQ8WBB4EaHJlZgUKbG9naW4uYXNweB4JaW5uZXJodG1sBQVsb2dpbmQCAw8WBB8AZB4HVmlzaWJsZWhkGAEFHl9fQ29udHJvbHNSZXF1aXJlUG9zdEJhY2tLZXlfXxYBBQ9jYlBlcnNpc3RDb29raWVzwbv%2bQ8XadeewSqHhJbH9z4dvJw%3d%3d&__VIEWSTATEGENERATOR=C2EE9ABB,0,0,0,0,0,0,good
GET,/Mod_Rewrite_Shop/Details/web-camera-a4tech/2,,0,0,0,0,0,0,good
GET,/medias/js/common_functions.js,,0,0,0,0,0,0,good
GET,/Mod_Rewrite_Shop/RateProduct-2.html,,0,0,0,0,0,0,good
GET,/Templates/main_dynamic_template.dwt.php,,0,0,0,0,0,0,good
GET,/hpp/params.php,,0,0,0,0,0,0,good
GET,/,,0,0,0,0,0,0,good
GET,/jscripts/tiny_mce/license.txt,,0,0,0,0,0,0,good
GET,/ReadNews.aspx?id=0&NewsAd=ads/def.html,,0,0,0,0,0,0,good
GET,/static/app/post.js,,0,0,0,0,0,0,good
GET,/static/app/controllers/,,0,0,0,0,0,0,good
GET,/AJAX/infoartist.php?id=1,,0,0,0,0,0,0,good
GET,/AJAX/infocateg.php,,0,0,0,0,0,0,good
GET,/bxss/database_connect.php,,0,0,0,0,0,0,good
POST,/doLogin,btnSubmit=Login&passw=g00dPa%24%24w0rD&uid=1,0,0,0,0,0,1,good
GET,/secured/office_files/filelist.xml,,0,0,0,0,0,0,good
GET,/Register.asp?RetURL=/Default.asp%3F,,0,0,0,0,0,0,good
GET,/sitemap.xml,,0,0,0,0,0,0,good
GET,/AJAX/index.php,,0,0,0,0,0,0,good
GET,/ips/block/webcat?cat=0&pl=0&lu=0&url=aHR0cDovL2NvZGUuanF1ZXJ5LmNvbS9qcXVlcnktMS45LjEubWluLmpz,,0,0,0,0,0,0,good
GET,/Images,,0,0,0,0,0,0,good
GET,/_vti_cnf/acublog.csproj,,0,0,0,0,0,0,good
GET,/static/app/partials/contact.html,,0,0,0,0,0,0,good
GET,/userinfo.php,,0,0,0,0,0,0,good
POST,/Signup.aspx,btnSignup=Sign%20me%20up&tbPassword=g00dPa%24%24w0rD&tbUsername=wxawbsor&__EVENTARGUMENT=&__EVENTTARGET=&__EVENTVALIDATION=/wEWWgK42oW1DwLStq24BwK3jsrkBALF97vxAQLRp67yDgLQp%2bbjBwLcy%2bvqAgLcy%2bvqAgLcy9/TDwLcy9/TDwLcy/P2CALcy/P2CAKx0t2fCgKx0t2fCgKx0vGyAwKx0vGyAwKx0uXJDAKx0uXJDAKx0pnsBQKx0pnsBQKx0o2DDQKx0o2DDQKx0qGmBgKx0qGmBgKx0tX6DwKx0tX6DwKx0smRBwKx0smRBwKx0r35BQKx0r35BQKx0tGdDQKx0tGdDQKK%2baMFAor5owUCivnX2QkCivnX2QkCivnL/AICivnL/AICivn/kwoCivn/kwoCivmTtgMCivmTtgMCivmHzQwCivmHzQwCivm74AUCivm74AUCivmvhw0Civmvhw0CivmD7AsCivmD7AsCivm3gwMCivm3gwMCv5PjxAkCv5PjxAkCv5OXmwECv5OXmwECv5OLvgoCv5OLvgoCv5O/1QMCv5O/1QMCv5PT6QwCv5PT6QwCv5PHjAQCv5PHjAQCv5P7ow0Cv5P7ow0Cv5PvxgYCv5PvxgYCv5PDrwMCv5PDrwMCv5P3wgwCv5P3wgwCkLrB6w8CkLrB6w8CkLr1jgcCkLr1jgcCkLrpJQKQuuklApC6nfgJApC6nfgJApC6sZ8BApC6sZ8BApC6pbIKApC6pbIKApC62dYDApC62dYDApC6ze0MApC6ze0MApC6odUJApC6odUJoWxumYZBSr4LekLX8%2bTB0OO/KGY%3d&__VIEWSTATE=/wEPDwUKLTY0MzI4NjU4Mw9kFgICAQ9kFgICAQ9kFgQCAQ8WBB4EaHJlZgUKbG9naW4uYXNweB4JaW5uZXJodG1sBQVsb2dpbmQCAw8WBB8AZB4HVmlzaWJsZWhkZLWF2wpV006tz0eDdoKfDbx%2bi81I&__VIEWSTATEGENERATOR=36F90C25,0,0,0,0,2,0,good
GET,/RightPanel.ascx.resx,,0,0,0,0,0,0,good
GET,/Templates/,,0,0,0,0,0,0,good
POST,/sendFeedback,cfile=comments.txt&comments=1&email_addr=3137%20Laguna%20Street&name=toskwebk&subject=1&submit=Submit,0,0,0,0,2,0,good
GET,/bin-backup.7z,,0,0,0,0,0,0,good
GET,/wvstests/pmwiki_2_1_19/scripts/version.php,,0,0,0,0,0,0,good
GET,/avatars/,,0,0,0,0,0,0,good
GET,/static/css,,0,0,0,0,0,0,good
GET,/crossdomain.xml,,0,0,0,0,0,0,good
GET,/static/app/controllers,,0,0,0,0,0,0,good
POST,/about.aspx,__EVENTARGUMENT=&__EVENTTARGET=&__EVENTVALIDATION=/wEWVwKqq9H0CQLRp67yDgLQp%2bbjBwLcy%2bvqAgLcy%2bvqAgLcy9/TDwLcy9/TDwLcy/P2CALcy/P2CAKx0t2fCgKx0t2fCgKx0vGyAwKx0vGyAwKx0uXJDAKx0uXJDAKx0pnsBQKx0pnsBQKx0o2DDQKx0o2DDQKx0qGmBgKx0qGmBgKx0tX6DwKx0tX6DwKx0smRBwKx0smRBwKx0r35BQKx0r35BQKx0tGdDQKx0tGdDQKK%2baMFAor5owUCivnX2QkCivnX2QkCivnL/AICivnL/AICivn/kwoCivn/kwoCivmTtgMCivmTtgMCivmHzQwCivmHzQwCivm74AUCivm74AUCivmvhw0Civmvhw0CivmD7AsCivmD7AsCivm3gwMCivm3gwMCv5PjxAkCv5PjxAkCv5OXmwECv5OXmwECv5OLvgoCv5OLvgoCv5O/1QMCv5O/1QMCv5PT6QwCv5PT6QwCv5PHjAQCv5PHjAQCv5P7ow0Cv5P7ow0Cv5PvxgYCv5PvxgYCv5PDrwMCv5PDrwMCv5P3wgwCv5P3wgwCkLrB6w8CkLrB6w8CkLr1jgcCkLr1jgcCkLrpJQKQuuklApC6nfgJApC6nfgJApC6sZ8BApC6sZ8BApC6pbIKApC6pbIKApC62dYDApC62dYDApC6ze0MApC6ze0MApC6odUJApC6odUJUsW%2b4Gm8yk2JNNRrsaFpP0fnjng%3d&__VIEWSTATE=/wEPDwUKLTEwNTI0MjkwNQ9kFgICAQ9kFgICAQ9kFgQCAQ8WBB4EaHJlZgUKbG9naW4uYXNweB4JaW5uZXJodG1sBQVsb2dpbmQCAw8WBB8AZB4HVmlzaWJsZWhkZLDaiLtIJBFGHdHW8BBidJDZ856t&__VIEWSTATEGENERATOR=E809BCA5,0,0,0,0,0,0,good
GET,/disclaimer.php,,0,0,0,0,0,0,good
GET,/Mod_Rewrite_Shop,,0,0,0,0,0,0,good
GET,/logout.php,,0,0,0,0,0,0,good
GET,/jscripts/tiny_mce/themes/simple/editor_template_src.js,,0,0,0,0,0,0,good
POST,/cart.php,addcart=2&price=800,0,0,0,0,0,0,good
GET,/Signup.aspx.resx,,0,0,0,0,0,0,good
GET,/S7i8nhKs,,0,0,0,0,0,0,good
GET,/bxss/,,0,0,0,0,0,0,good
GET,/PostNews.aspx.cs,,0,0,0,0,0,0,good
GET,/.idea/scopes,,0,0,0,0,0,0,good
GET,/favicon.ico,,0,0,0,0,0,0,good
GET,/Mod_Rewrite_Shop/images,,0,0,0,0,0,0,good
GET,/sitemap.xml,,0,0,0,0,0,0,good
GET,/Search.asp,,0,0,0,0,0,0,good
GET,/bin/acublog.pdb,,0,0,0,0,0,0,good
GET,/RightPanel.ascx.cs,,0,0,0,0,0,0,good
GET,/doLogin,,0,0,0,0,0,0,good
GET,/ad.js,,0,0,0,0,0,0,good
GET,/acublog.csproj.webinfo,,0,0,0,0,0,0,good
GET,/bxss/vuln.php,,0,0,0,0,0,0,good
GET,/my%20documents/JohnSmith/Bank%20Site%20Documents/grouplife.htm,,0,0,0,0,3,0,good
GET,/static,,0,0,0,0,0,0,good
GET,/favicon.ico,,0,0,0,0,0,0,good
GET,/doSubscribe,,0,0,0,0,0,0,good
GET,/bin/,,0,0,0,0,0,0,good
GET,/avatars,,0,0,0,0,0,0,good
GET,/MainMenu.ascx.cs,,0,0,0,0,0,0,good
GET,/index.jsp?content=business_deposit.htm,,0,0,0,0,0,0,good
POST,/cart.php,addcart=3&price=986,0,0,0,0,0,0,good
POST,/ReadNews.aspx?id=0,__EVENTARGUMENT=&__EVENTTARGET=&__EVENTVALIDATION=/wEWVwK30rH2AgLRp67yDgLQp%2bbjBwLcy%2bvqAgLcy%2bvqAgLcy9/TDwLcy9/TDwLcy/P2CALcy/P2CAKx0t2fCgKx0t2fCgKx0vGyAwKx0vGyAwKx0uXJDAKx0uXJDAKx0pnsBQKx0pnsBQKx0o2DDQKx0o2DDQKx0qGmBgKx0qGmBgKx0tX6DwKx0tX6DwKx0smRBwKx0smRBwKx0r35BQKx0r35BQKx0tGdDQKx0tGdDQKK%2baMFAor5owUCivnX2QkCivnX2QkCivnL/AICivnL/AICivn/kwoCivn/kwoCivmTtgMCivmTtgMCivmHzQwCivmHzQwCivm74AUCivm74AUCivmvhw0Civmvhw0CivmD7AsCivmD7AsCivm3gwMCivm3gwMCv5PjxAkCv5PjxAkCv5OXmwECv5OXmwECv5OLvgoCv5OLvgoCv5O/1QMCv5O/1QMCv5PT6QwCv5PT6QwCv5PHjAQCv5PHjAQCv5P7ow0Cv5P7ow0Cv5PvxgYCv5PvxgYCv5PDrwMCv5PDrwMCv5P3wgwCv5P3wgwCkLrB6w8CkLrB6w8CkLr1jgcCkLr1jgcCkLrpJQKQuuklApC6nfgJApC6nfgJApC6sZ8BApC6sZ8BApC6pbIKApC6pbIKApC62dYDApC62dYDApC6ze0MApC6ze0MApC6odUJApC6odUJW8aN5LFKotG577nQRO1NwuYLbms%3d&__VIEWSTATE=/wEPDwUKLTM1MjIzMjU2OQ9kFgICAQ9kFgwCAQ9kFgQCAQ8WBB4EaHJlZgUKbG9naW4uYXNweB4JaW5uZXJodG1sBQVsb2dpbmQCAw8WBB8AZB4HVmlzaWJsZWhkAgMPFgIfAQVJcG9zdGVkIGJ5IDxzdHJvbmc%2bYWRtaW4gICAgICAgICAgICAgICAgICAgIDwvc3Ryb25nPjExLzgvMjAwNSAxMTozNzozNSBBTWQCBQ8WAh8BBTFBY3VuZXRpeCBXZWIgVnVsbmVyYWJpbGl0eSBTY2FubmVyIGJldGEgcmVsZWFzZWQhZAIHDxYCHwEFnA48cD5EdXJpbmcgdGhlIGJldGEgcGhhc2UsIGJ1aWxkcyBhcmUgcmVsZWFzZWQgZnJlcXVlbnRseSwgICAgICAgICAgICAgICAgICAgICAgICAgICAgdGhlcmVmb3JlIGl0IGlzIG5vdCByZWNvbW1lbmRlZCB0aGF0IHRoZSBzYW1lIGJldGEgdmVyc2lvbiAgICAgICAgICAgICAgICAgICAgICAgICAgICBpcyB1c2VkIGZvciBtb3JlIHRoYW4gMzAgZGF5cy4gVG8gYmV0YS10ZXN0IGJleW9uZCAzMCAgICAgICAgICAgICAgICAgICAgICAgICAgICBkYXlzLCB1c2VycyBzaG91bGQgaW5zdGFsbCB0aGUgbGF0ZXN0IGJldGEgdmVyc2lvbiBvciwgICAgICAgICAgICAgICAgICAgICAgICAgICAgaWYgYXZhaWxhYmxlLCB1c2UgdGhlIHJlbGVhc2UgdmVyc2lvbi48L3A%2bICAgICAgICAgICAgICAgICAgICAgICAgICAgPHA%2bPHN0cm9uZz5BYm91dCBBY3VuZXRpeCBXZWIgVnVsbmVyYWJpbGl0eSBTY2FubmVyPC9zdHJvbmc%2bPGJyIC8%2bICAgICAgICAgICAgICAgICAgICAgICAgICAgQWN1bmV0aXggV2ViIFZ1bG5lcmFiaWxpdHkgU2Nhbm5lciwgYSB1bmlxdWUgd2ViIGFwcGxpY2F0aW9uICAgICAgICAgICAgICAgICAgICAgICAgICAgIHNjYW5uaW5nIHByb2R1Y3QgdGhhdCBtYWtlcyBzZWN1cmluZyBvbmUmcnNxdW87cyB3ZWJzaXRlICAgICAgICAgICAgICAgICAgICAgICAgICAgIGVhc2llciB0aGFuIGV2ZXIuIEFjdW5ldGl4IFdlYiBWdWxuZXJhYmlsaXR5IFNjYW5uZXIgICAgICAgICAgICAgICAgICAgICAgICAgICAgaXMgYW4gYXV0b21hdGVkIHdlYiBhcHBsaWNhdGlvbiBzZWN1cml0eSB0ZXN0aW5nIHRvb2wgICAgICAgICAgICAgICAgICAgICAgICAgICAgdGhhdCBjcmF3bHMgYW4gZW50aXJlIHdlYnNpdGUgYW5kIGF0dGFja3MgaXQgc28gYXMgdG8gICAgICAgICAgICAgICAgICAgICAgICAgICAgaWRlbnRpZnkgcG90ZW50aWFsIHdlYWtuZXNzZXMgYmVmb3JlIGhhY2tlcnMgZG8uIEZ1cnRoZXIgICAgICAgICAgICAgICAgICAgICAgICAgICAgaW5mb3JtYXRpb24gaXMgYXZhaWxhYmxlIDxhIGhyZWY9aHR0cHM6Ly93d3cuYWN1bmV0aXguY29tL3Z1bG5lcmFiaWxpdHktc2Nhbm5lci8%2baGVyZTwvYT4uPC9wPiAgICAgICAgICAgICAgICAgICAgICAgICAgIDxwPjxzdHJvbmc%2bQWJvdXQgQWN1bmV0aXg8L3N0cm9uZz48L3A%2bICAgICA8cD5Vc2VyLWZyaWVuZGx5IGFuZCBjb21wZXRpdGl2ZWx5IHByaWNlZCwgQWN1bmV0aXggbGVhZHMgdGhlIG1hcmtldCBpbiBhdXRvbWF0aWMgd2ViIHNlY3VyaXR5IHRlc3RpbmcgdGVjaG5vbG9neS4gSXRzIGluZHVzdHJ5LWxlYWRpbmcgY3Jhd2xlciBmdWxseSBzdXBwb3J0cyBIVE1MNSwgSmF2YVNjcmlwdCwgYW5kIEFKQVgtaGVhdnkgd2Vic2l0ZXMsIGVuYWJsaW5nIHRoZSBhdWRpdGluZyBvZiBjb21wbGV4LCBhdXRoZW50aWNhdGVkIGFwcGxpY2F0aW9ucy4gQWN1bmV0aXggcHJvdmlkZXMgdGhlIG9ubHkgdGVjaG5vbG9neSBvbiB0aGUgbWFya2V0IHRoYXQgY2FuIGF1dG9tYXRpY2FsbHkgZGV0ZWN0IG91dC1vZi1iYW5kIHZ1bG5lcmFiaWxpdGllcyBhbmQgaXMgYXZhaWxhYmxlIGJvdGggYXMgYW4gb25saW5lIGFuZCBvbi1wcmVtaXNlcyBzb2x1dGlvbi4gQWN1bmV0aXggYWxzbyBpbmNsdWRlcyBpbnRlZ3JhdGVkIHZ1bG5lcmFiaWxpdHkgbWFuYWdlbWVudCBmZWF0dXJlcyB0byBleHRlbmQgdGhlIGVudGVycHJpc2UmcnNxdW87cyBhYmlsaXR5IHRvIGNvbXByZWhlbnNpdmVseSBtYW5hZ2UsIHByaW9yaXRpemUsIGFuZCBjb250cm9sIHZ1bG5lcmFiaWxpdHkgdGhyZWF0cyAmbmRhc2g7IG9yZGVyZWQgYnkgYnVzaW5lc3MgY3JpdGljYWxpdHkuPC9wPmQCCQ8PFgIeC05hdmlnYXRlVXJsBRJDb21tZW50cy5hc3B4P2lkPTNkZAILDxYCHgNzcmNkZGTLo6VVRRdQACEbfKXC37R1sHPpoA%3d%3d&__VIEWSTATEGENERATOR=532053C5,0,0,0,0,0,0,good
GET,/index.php,,0,0,0,0,0,0,good
GET,/logout.aspx.cs,,0,0,0,0,0,0,good
GET,/search.php,,0,0,0,0,0,0,good
GET,/clientaccesspolicy.xml,,0,0,0,0,0,0,good
GET,/.idea/scopes/scope_settings.xml,,0,0,0,0,0,0,good
GET,/showforum.asp?id=1,,0,0,0,0,0,0,good
POST,/search.php?test=query,goButton=go&searchFor=,0,0,0,0,0,0,good
GET,/DTbiWIVd,,0,0,0,0,0,0,good
GET,/Register.asp?RetURL=/Login.asp%3F,,0,0,0,0,0,0,good
GET,/AJAX,,0,0,0,0,0,0,good
GET,/,,0,0,0,0,0,0,good
GET,/default.jsp,,0,0,0,0,0,0,good
GET,/hpp/?pp=12,,0,0,0,0,0,0,good
GET,/AJAX/,,0,0,0,0,0,0,good
GET,/ads/def.html,,0,0,0,0,0,0,good
GET,/wvstests/pmwiki_2_1_19/,,0,0,0,0,0,0,good
GET,/Login.asp,,0,0,0,0,0,0,good
GET,/wvstests/pmwiki_2_1_19/scripts,,0,0,0,0,0,0,good
GET,/listproducts.php?cat=2,,0,0,0,0,0,0,good
GET,/my%20documents,,0,0,0,0,1,0,good
GET,/wvstests/pmwiki_2_1_19/scripts/,,0,0,0,0,0,0,good
GET,/clearguestbook.php,,0,0,0,0,0,0,good
GET,/robots.txt,,0,0,0,0,0,0,good
GET,/rssFeed.aspx,,0,0,0,0,0,0,good
GET,/Connections/DB_Connection.php,,0,0,0,0,0,0,good
GET,/.idea/scopes/,,0,0,0,0,0,0,good
GET,/Mod_Rewrite_Shop/Details/color-printer/3,,0,0,0,0,0,0,good
GET,/images/,,0,0,0,0,0,0,good
GET,/logout.aspx,,0,0,0,0,0,0,good
GET,/index.jsp?content=inside_about.htm,,0,0,0,0,0,0,good
GET,/bxss/adminPan3l,,0,0,0,0,0,0,good
GET,/Default.aspx.cs,,0,0,0,0,0,0,good
GET,/static/app/services/,,0,0,0,0,0,0,good
POST,/Login.asp,tfUName=fwudjwbi&tfUPass=g00dPa%24%24w0rD,0,0,0,0,0,0,good
GET,/jquery-1.9.1.min.js,,0,0,0,0,0,0,good
GET,/,,0,0,0,0,0,0,good
GET,/ReadNews.aspx?id=0,,0,0,0,0,0,0,good
POST,/guestbook.php,name=anonymous%20user&submit=add%20message&text=1,0,0,0,0,2,0,good
GET,/Search.asp?tfSearch=the,,0,0,0,0,0,0,good
GET,/secured/index.php,,0,0,0,0,0,0,good
GET,/AJAX/infoartist.php?id=2,,0,0,0,0,0,0,good
GET,/medias,,0,0,0,0,0,0,good
GET,/listproducts.php?artist=1,,0,0,0,0,0,0,good
GET,/aspnet_client/system_web/,,0,0,0,0,0,1,good
GET,/hpp/index.php?pp=12,,0,0,0,0,0,0,good
GET,/Comments.aspx.cs,,0,0,0,0,0,0,good
POST,/doSubscribe,btnSubmit=Subscribe&txtEmail=sample%40email.tst,0,0,0,0,0,0,good
GET,/_mmServerScripts,,0,0,0,0,0,0,good
GET,/ReadNews.aspx.resx,,0,0,0,0,0,0,good
GET,/static/app/services,,0,0,0,0,0,0,good
GET,/Comments.aspx?id=2,,0,0,0,0,0,0,good
GET,/product.php?pic=3,,0,0,0,0,0,0,good
GET,/Mod_Rewrite_Shop/BuyProduct-2,,0,0,0,0,0,0,good
GET,/static/app/app.js,,0,0,0,0,0,0,good
GET,/static/app/partials/,,0,0,0,0,0,0,good
GET,/admin/,,0,0,0,0,0,0,good
GET,/Global.asax.cs,,0,0,0,0,0,0,good
GET,/pr,,0,0,0,0,0,0,good
GET,/AJAX/infoartist.php,,0,0,0,0,0,0,good
GET,/hpp/params.php?aaaa/=1,,0,0,0,0,0,0,good
GET,/ReadNews.aspx.cs,,0,0,0,0,0,0,good
GET,/,,0,0,0,0,0,0,good
GET,/robots.txt,,0,0,0,0,0,0,good
GET,/wvstests,,0,0,0,0,0,0,good
GET,/sendcommand.php,,0,0,0,0,0,0,good
GET,/Connections,,0,0,0,0,0,0,good
GET,/sitemap.xml,,0,0,0,0,0,0,good
GET,/AJAX/infocateg.php?id=1,,0,0,0,0,0,0,good
GET,/survey_questions.jsp,,0,0,0,0,0,0,good
GET,/Default.aspx,,0,0,0,0,0,0,good
GET,/login.aspx,,0,0,0,0,0,0,good
GET,/temp/testaspnet.csproj,,0,0,0,0,0,0,good
GET,/,,0,0,0,0,0,0,good
GET,/sendFeedback,,0,0,0,0,0,0,good
GET,/bxss/vuln.php?id=1,,0,0,0,0,0,0,good
GET,/ads/,,0,0,0,0,0,0,good
POST,/Comments.aspx?id=0,btnSend=Send%20comment&tbComment=1&__EVENTARGUMENT=&__EVENTTARGET=&__EVENTVALIDATION=/wEWWQKz/4etDAKAgcfvBQKFzrr8AQLRp67yDgLQp%2bbjBwLcy%2bvqAgLcy%2bvqAgLcy9/TDwLcy9/TDwLcy/P2CALcy/P2CAKx0t2fCgKx0t2fCgKx0vGyAwKx0vGyAwKx0uXJDAKx0uXJDAKx0pnsBQKx0pnsBQKx0o2DDQKx0o2DDQKx0qGmBgKx0qGmBgKx0tX6DwKx0tX6DwKx0smRBwKx0smRBwKx0r35BQKx0r35BQKx0tGdDQKx0tGdDQKK%2baMFAor5owUCivnX2QkCivnX2QkCivnL/AICivnL/AICivn/kwoCivn/kwoCivmTtgMCivmTtgMCivmHzQwCivmHzQwCivm74AUCivm74AUCivmvhw0Civmvhw0CivmD7AsCivmD7AsCivm3gwMCivm3gwMCv5PjxAkCv5PjxAkCv5OXmwECv5OXmwECv5OLvgoCv5OLvgoCv5O/1QMCv5O/1QMCv5PT6QwCv5PT6QwCv5PHjAQCv5PHjAQCv5P7ow0Cv5P7ow0Cv5PvxgYCv5PvxgYCv5PDrwMCv5PDrwMCv5P3wgwCv5P3wgwCkLrB6w8CkLrB6w8CkLr1jgcCkLr1jgcCkLrpJQKQuuklApC6nfgJApC6nfgJApC6sZ8BApC6sZ8BApC6pbIKApC6pbIKApC62dYDApC62dYDApC6ze0MApC6ze0MApC6odUJApC6odUJG6RFNnB0L19833JkUk9XoVpXvYY%3d&__VIEWSTATE=/wEPDwUKLTg2MjcwMzE2Mg9kFgICAQ9kFgoCAQ9kFgQCAQ8WBB4EaHJlZgUKbG9naW4uYXNweB4JaW5uZXJodG1sBQVsb2dpbmQCAw8WBB8AZB4HVmlzaWJsZWhkAgMPFgIfAQVJcG9zdGVkIGJ5IDxzdHJvbmc%2bYWRtaW4gICAgICAgICAgICAgICAgICAgIDwvc3Ryb25nPjExLzgvMjAwNSAxMTozNzozNSBBTWQCBQ8WBB8BBTFBY3VuZXRpeCBXZWIgVnVsbmVyYWJpbGl0eSBTY2FubmVyIGJldGEgcmVsZWFzZWQhHwAFElJlYWROZXdzLmFzcHg/aWQ9M2QCBw8WAh8BBagBMjYgSmFudWFyeSAyMDA1IC0gQSBiZXRhIHZlcnNpb24gb2YgQWN1bmV0aXggV2ViIFZ1bG5lcmFiaWxpdHkgU2Nhbm5lciBoYXMgYmVlbiByZWxlYXNlZCB0b2RheS4gVGhlIGJldGEgaXMgYXZhaWxhYmxlIGZvciBkb3dubG9hZCBhdCBodHRwOi8vd3d3LmFjdW5ldGl4LmNvbS9kb3dubG9hZC8uZAIJD2QWAgIBD2QWNmYPZBYCZg8WAh8BBSU8SU1HIHNyYz0iaW1hZ2VzL2NvbW1lbnQtYmVmb3JlLmdpZiI%2bZAIBD2QWAmYPFgIeBWNsYXNzBQdDb21tZW50ZAICD2QWAmYPFgIfAQUkPElNRyBzcmM9ImltYWdlcy9jb21tZW50LWFmdGVyLmdpZiI%2bZAIDD2QWAmYPFgIfAQUlPElNRyBzcmM9ImltYWdlcy9jb21tZW50LWJlZm9yZS5naWYiPmQCBA9kFgJmDxYCHwMFB0NvbW1lbnRkAgUPZBYCZg8WAh8BBSQ8SU1HIHNyYz0iaW1hZ2VzL2NvbW1lbnQtYWZ0ZXIuZ2lmIj5kAgYPZBYCZg8WAh8BBSU8SU1HIHNyYz0iaW1hZ2VzL2NvbW1lbnQtYmVmb3JlLmdpZiI%2bZAIHD2QWAmYPFgIfAwUHQ29tbWVudGQCCA9kFgJmDxYCHwEFJDxJTUcgc3JjPSJpbWFnZXMvY29tbWVudC1hZnRlci5naWYiPmQCCQ9kFgJmDxYCHwEFJTxJTUcgc3JjPSJpbWFnZXMvY29tbWVudC1iZWZvcmUuZ2lmIj5kAgoPZBYCZg8WAh8DBQdDb21tZW50ZAILD2QWAmYPFgIfAQUkPElNRyBzcmM9ImltYWdlcy9jb21tZW50LWFmdGVyLmdpZiI%2bZAIMD2QWAmYPFgIfAQUlPElNRyBzcmM9ImltYWdlcy9jb21tZW50LWJlZm9yZS5naWYiPmQCDQ9kFgJmDxYCHwMFB0NvbW1lbnRkAg4PZBYCZg8WAh8BBSQ8SU1HIHNyYz0iaW1hZ2VzL2NvbW1lbnQtYWZ0ZXIuZ2lmIj5kAg8PZBYCZg8WAh8BBSU8SU1HIHNyYz0iaW1hZ2VzL2NvbW1lbnQtYmVmb3JlLmdpZiI%2bZAIQD2QWAmYPFgIfAwUHQ29tbWVudGQCEQ9kFgJmDxYCHwEFJDxJTUcgc3JjPSJpbWFnZXMvY29tbWVudC1hZnRlci5naWYiPmQCEg9kFgJmDxYCHwEFJTxJTUcgc3JjPSJpbWFnZXMvY29tbWVudC1iZWZvcmUuZ2lmIj5kAhMPZBYCZg8WAh8DBQdDb21tZW50ZAIUD2QWAmYPFgIfAQUkPElNRyBzcmM9ImltYWdlcy9jb21tZW50LWFmdGVyLmdpZiI%2bZAIVD2QWAmYPFgIfAQUlPElNRyBzcmM9ImltYWdlcy9jb21tZW50LWJlZm9yZS5naWYiPmQCFg9kFgJmDxYCHwMFB0NvbW1lbnRkAhcPZBYCZg8WAh8BBSQ8SU1HIHNyYz0iaW1hZ2VzL2NvbW1lbnQtYWZ0ZXIuZ2lmIj5kAhgPZBYCZg8WAh8BBSU8SU1HIHNyYz0iaW1hZ2VzL2NvbW1lbnQtYmVmb3JlLmdpZiI%2bZAIZD2QWAmYPFgIfAwUHQ29tbWVudGQCGg9kFgJmDxYCHwEFJDxJTUcgc3JjPSJpbWFnZXMvY29tbWVudC1hZnRlci5naWYiPmRkxXm4Mj0SY5c/Ydldpb2IB1OjGvI%3d&__VIEWSTATEGENERATOR=58A73C4D,0,0,0,0,1,0,good
GET,/_mmServerScripts/MMHTTPDB.php,,0,0,0,0,0,0,good
GET,/Flash,,0,0,0,0,0,0,good
GET,/_vti_cnf/,,0,0,0,0,0,0,good
POST,/Register.asp,tfEmail=sample%40email.tst&tfRName=fppfhpcs&tfUName=osdwkddf&tfUPass=g00dPa%24%24w0rD,0,0,0,0,0,0,good
GET,/admin/create.sql,,0,0,0,0,0,0,good
GET,/,,0,0,0,0,0,0,good
GET,/AJAX/infoartist.php?id=3,,0,0,0,0,0,0,good
GET,/adm1nPan3l,,0,0,0,0,0,0,good
GET,/Comments.aspx,,0,0,0,0,0,0,good
POST,/login.aspx,btnLogin=Login&cbPersistCookie=on&tbPassword=g00dPa%24%24w0rD&tbUsername=smbusilw&__EVENTARGUMENT=&__EVENTTARGET=&__EVENTVALIDATION=/wEWWwLoz/fGCgLStq24BwK3jsrkBALtuvfLDQKC3IeGDALRp67yDgLQp%2bbjBwLcy%2bvqAgLcy%2bvqAgLcy9/TDwLcy9/TDwLcy/P2CALcy/P2CAKx0t2fCgKx0t2fCgKx0vGyAwKx0vGyAwKx0uXJDAKx0uXJDAKx0pnsBQKx0pnsBQKx0o2DDQKx0o2DDQKx0qGmBgKx0qGmBgKx0tX6DwKx0tX6DwKx0smRBwKx0smRBwKx0r35BQKx0r35BQKx0tGdDQKx0tGdDQKK%2baMFAor5owUCivnX2QkCivnX2QkCivnL/AICivnL/AICivn/kwoCivn/kwoCivmTtgMCivmTtgMCivmHzQwCivmHzQwCivm74AUCivm74AUCivmvhw0Civmvhw0CivmD7AsCivmD7AsCivm3gwMCivm3gwMCv5PjxAkCv5PjxAkCv5OXmwECv5OXmwECv5OLvgoCv5OLvgoCv5O/1QMCv5O/1QMCv5PT6QwCv5PT6QwCv5PHjAQCv5PHjAQCv5P7ow0Cv5P7ow0Cv5PvxgYCv5PvxgYCv5PDrwMCv5PDrwMCv5P3wgwCv5P3wgwCkLrB6w8CkLrB6w8CkLr1jgcCkLr1jgcCkLrpJQKQuuklApC6nfgJApC6nfgJApC6sZ8BApC6sZ8BApC6pbIKApC6pbIKApC62dYDApC62dYDApC6ze0MApC6ze0MApC6odUJApC6odUJGYbWyPhQI/wtK24Llff63SvWLPs%3d&__VIEWSTATE=/wEPDwUKLTIyMzk2OTgxMQ9kFgICAQ9kFgICAQ9kFgQCAQ8WBB4EaHJlZgUKbG9naW4uYXNweB4JaW5uZXJodG1sBQVsb2dpbmQCAw8WBB8AZB4HVmlzaWJsZWhkGAEFHl9fQ29udHJvbHNSZXF1aXJlUG9zdEJhY2tLZXlfXxYBBQ9jYlBlcnNpc3RDb29raWVzwbv%2bQ8XadeewSqHhJbH9z4dvJw%3d%3d&__VIEWSTATEGENERATOR=C2EE9ABB,0,0,0,0,0,0,good
GET,/AJAX/htaccess.conf,,0,0,0,0,0,0,good
GET,/secured/phpinfo.php?=PHPB8B5F2A0-3C92-11d3-A3A9-4C7B08C10000,,0,0,0,0,0,0,good
GET,/404.php,,0,0,0,0,0,0,good
GET,/wvstests/,,0,0,0,0,0,0,good
GET,/index.jsp?content=business_retirement.htm,,0,0,0,0,0,0,good
GET,/jscripts/tiny_mce/themes/simple/css/,,0,0,0,0,0,0,good
GET,/search.jsp?query=1,,0,0,0,0,0,0,good
GET,/temp/.rnd,,0,0,0,0,0,0,good
GET,/static/app/libs,,0,0,0,0,0,0,good
GET,/medias/css,,0,0,0,0,0,0,good
GET,/images/,,0,0,0,0,0,0,good
GET,/Templatize.asp,,0,0,0,0,0,0,good
GET,/Mod_Rewrite_Shop/.htaccess,,0,0,0,0,0,0,good
GET,/_mmServerScripts/mysql.php,,0,0,0,0,0,0,good
POST,/contact,address=3137%20Laguna%20Street&firstName=jjliqumd&lastName=qlqfyyai&message=20&subject=product,0,0,0,0,2,0,good
GET,/Templatize.asp?item=html/about.html,,0,0,0,0,0,0,good
GET,/robots.txt,,0,0,0,0,0,0,good
GET,/jscripts/tiny_mce/utils/form_utils.js,,0,0,0,0,0,0,good
GET,/About.aspx.resx,,0,0,0,0,0,0,good
GET,/sitemap.xml,,0,0,0,0,0,0,good
GET,/sitemap.xml.gz,,0,0,0,0,0,0,good
GET,/temp/,,0,0,0,0,0,0,good
GET,/aspnet_client/system_web/2_0_50727/,,0,0,0,0,0,1,good
GET,/static/app/partials/carousel.html,,0,0,0,0,0,0,good
GET,/pr/,,0,0,0,0,0,0,good
GET,/AJAX/infocateg.php?id=3,,0,0,0,0,0,0,good
GET,/inside_points_of_interest.htm,,0,0,0,0,0,0,good
GET,/Flash/,,0,0,0,0,0,0,good
GET,/showthread.asp?id=3,,0,0,0,0,0,0,good
GET,/static/app/partials/popular.html,,0,0,0,0,0,0,good
GET,/pictures/WS_FTP.LOG,,0,0,0,0,0,0,good
POST,/ReadNews.aspx?id=3,__EVENTARGUMENT=&__EVENTTARGET=&__EVENTVALIDATION=/wEWVwK30rH2AgLRp67yDgLQp%2bbjBwLcy%2bvqAgLcy%2bvqAgLcy9/TDwLcy9/TDwLcy/P2CALcy/P2CAKx0t2fCgKx0t2fCgKx0vGyAwKx0vGyAwKx0uXJDAKx0uXJDAKx0pnsBQKx0pnsBQKx0o2DDQKx0o2DDQKx0qGmBgKx0qGmBgKx0tX6DwKx0tX6DwKx0smRBwKx0smRBwKx0r35BQKx0r35BQKx0tGdDQKx0tGdDQKK%2baMFAor5owUCivnX2QkCivnX2QkCivnL/AICivnL/AICivn/kwoCivn/kwoCivmTtgMCivmTtgMCivmHzQwCivmHzQwCivm74AUCivm74AUCivmvhw0Civmvhw0CivmD7AsCivmD7AsCivm3gwMCivm3gwMCv5PjxAkCv5PjxAkCv5OXmwECv5OXmwECv5OLvgoCv5OLvgoCv5O/1QMCv5O/1QMCv5PT6QwCv5PT6QwCv5PHjAQCv5PHjAQCv5P7ow0Cv5P7ow0Cv5PvxgYCv5PvxgYCv5PDrwMCv5PDrwMCv5P3wgwCv5P3wgwCkLrB6w8CkLrB6w8CkLr1jgcCkLr1jgcCkLrpJQKQuuklApC6nfgJApC6nfgJApC6sZ8BApC6sZ8BApC6pbIKApC6pbIKApC62dYDApC62dYDApC6ze0MApC6ze0MApC6odUJApC6odUJW8aN5LFKotG577nQRO1NwuYLbms%3d&__VIEWSTATE=/wEPDwUKLTM1MjIzMjU2OQ9kFgICAQ9kFgwCAQ9kFgQCAQ8WBB4EaHJlZgUKbG9naW4uYXNweB4JaW5uZXJodG1sBQVsb2dpbmQCAw8WBB8AZB4HVmlzaWJsZWhkAgMPFgIfAQVJcG9zdGVkIGJ5IDxzdHJvbmc%2bYWRtaW4gICAgICAgICAgICAgICAgICAgIDwvc3Ryb25nPjExLzgvMjAwNSAxMTozNzozNSBBTWQCBQ8WAh8BBTFBY3VuZXRpeCBXZWIgVnVsbmVyYWJpbGl0eSBTY2FubmVyIGJldGEgcmVsZWFzZWQhZAIHDxYCHwEFnA48cD5EdXJpbmcgdGhlIGJldGEgcGhhc2UsIGJ1aWxkcyBhcmUgcmVsZWFzZWQgZnJlcXVlbnRseSwgICAgICAgICAgICAgICAgICAgICAgICAgICAgdGhlcmVmb3JlIGl0IGlzIG5vdCByZWNvbW1lbmRlZCB0aGF0IHRoZSBzYW1lIGJldGEgdmVyc2lvbiAgICAgICAgICAgICAgICAgICAgICAgICAgICBpcyB1c2VkIGZvciBtb3JlIHRoYW4gMzAgZGF5cy4gVG8gYmV0YS10ZXN0IGJleW9uZCAzMCAgICAgICAgICAgICAgICAgICAgICAgICAgICBkYXlzLCB1c2VycyBzaG91bGQgaW5zdGFsbCB0aGUgbGF0ZXN0IGJldGEgdmVyc2lvbiBvciwgICAgICAgICAgICAgICAgICAgICAgICAgICAgaWYgYXZhaWxhYmxlLCB1c2UgdGhlIHJlbGVhc2UgdmVyc2lvbi48L3A%2bICAgICAgICAgICAgICAgICAgICAgICAgICAgPHA%2bPHN0cm9uZz5BYm91dCBBY3VuZXRpeCBXZWIgVnVsbmVyYWJpbGl0eSBTY2FubmVyPC9zdHJvbmc%2bPGJyIC8%2bICAgICAgICAgICAgICAgICAgICAgICAgICAgQWN1bmV0aXggV2ViIFZ1bG5lcmFiaWxpdHkgU2Nhbm5lciwgYSB1bmlxdWUgd2ViIGFwcGxpY2F0aW9uICAgICAgICAgICAgICAgICAgICAgICAgICAgIHNjYW5uaW5nIHByb2R1Y3QgdGhhdCBtYWtlcyBzZWN1cmluZyBvbmUmcnNxdW87cyB3ZWJzaXRlICAgICAgICAgICAgICAgICAgICAgICAgICAgIGVhc2llciB0aGFuIGV2ZXIuIEFjdW5ldGl4IFdlYiBWdWxuZXJhYmlsaXR5IFNjYW5uZXIgICAgICAgICAgICAgICAgICAgICAgICAgICAgaXMgYW4gYXV0b21hdGVkIHdlYiBhcHBsaWNhdGlvbiBzZWN1cml0eSB0ZXN0aW5nIHRvb2wgICAgICAgICAgICAgICAgICAgICAgICAgICAgdGhhdCBjcmF3bHMgYW4gZW50aXJlIHdlYnNpdGUgYW5kIGF0dGFja3MgaXQgc28gYXMgdG8gICAgICAgICAgICAgICAgICAgICAgICAgICAgaWRlbnRpZnkgcG90ZW50aWFsIHdlYWtuZXNzZXMgYmVmb3JlIGhhY2tlcnMgZG8uIEZ1cnRoZXIgICAgICAgICAgICAgICAgICAgICAgICAgICAgaW5mb3JtYXRpb24gaXMgYXZhaWxhYmxlIDxhIGhyZWY9aHR0cHM6Ly93d3cuYWN1bmV0aXguY29tL3Z1bG5lcmFiaWxpdHktc2Nhbm5lci8%2baGVyZTwvYT4uPC9wPiAgICAgICAgICAgICAgICAgICAgICAgICAgIDxwPjxzdHJvbmc%2bQWJvdXQgQWN1bmV0aXg8L3N0cm9uZz48L3A%2bICAgICA8cD5Vc2VyLWZyaWVuZGx5IGFuZCBjb21wZXRpdGl2ZWx5IHByaWNlZCwgQWN1bmV0aXggbGVhZHMgdGhlIG1hcmtldCBpbiBhdXRvbWF0aWMgd2ViIHNlY3VyaXR5IHRlc3RpbmcgdGVjaG5vbG9neS4gSXRzIGluZHVzdHJ5LWxlYWRpbmcgY3Jhd2xlciBmdWxseSBzdXBwb3J0cyBIVE1MNSwgSmF2YVNjcmlwdCwgYW5kIEFKQVgtaGVhdnkgd2Vic2l0ZXMsIGVuYWJsaW5nIHRoZSBhdWRpdGluZyBvZiBjb21wbGV4LCBhdXRoZW50aWNhdGVkIGFwcGxpY2F0aW9ucy4gQWN1bmV0aXggcHJvdmlkZXMgdGhlIG9ubHkgdGVjaG5vbG9neSBvbiB0aGUgbWFya2V0IHRoYXQgY2FuIGF1dG9tYXRpY2FsbHkgZGV0ZWN0IG91dC1vZi1iYW5kIHZ1bG5lcmFiaWxpdGllcyBhbmQgaXMgYXZhaWxhYmxlIGJvdGggYXMgYW4gb25saW5lIGFuZCBvbi1wcmVtaXNlcyBzb2x1dGlvbi4gQWN1bmV0aXggYWxzbyBpbmNsdWRlcyBpbnRlZ3JhdGVkIHZ1bG5lcmFiaWxpdHkgbWFuYWdlbWVudCBmZWF0dXJlcyB0byBleHRlbmQgdGhlIGVudGVycHJpc2UmcnNxdW87cyBhYmlsaXR5IHRvIGNvbXByZWhlbnNpdmVseSBtYW5hZ2UsIHByaW9yaXRpemUsIGFuZCBjb250cm9sIHZ1bG5lcmFiaWxpdHkgdGhyZWF0cyAmbmRhc2g7IG9yZGVyZWQgYnkgYnVzaW5lc3MgY3JpdGljYWxpdHkuPC9wPmQCCQ8PFgIeC05hdmlnYXRlVXJsBRJDb21tZW50cy5hc3B4P2lkPTNkZAILDxYCHgNzcmNkZGTLo6VVRRdQACEbfKXC37R1sHPpoA%3d%3d&__VIEWSTATEGENERATOR=532053C5,0,0,0,0,0,0,good
POST,/login,password=g00dPa%24%24w0rD&username=admin,0,0,0,0,0,0,good
GET,/signup.php,,0,0,0,0,0,0,good
POST,/default.aspx,__EVENTARGUMENT=&__EVENTTARGET=&__EVENTVALIDATION=/wEWVwLpus/wCALRp67yDgLQp%2bbjBwLcy%2bvqAgLcy%2bvqAgLcy9/TDwLcy9/TDwLcy/P2CALcy/P2CAKx0t2fCgKx0t2fCgKx0vGyAwKx0vGyAwKx0uXJDAKx0uXJDAKx0pnsBQKx0pnsBQKx0o2DDQKx0o2DDQKx0qGmBgKx0qGmBgKx0tX6DwKx0tX6DwKx0smRBwKx0smRBwKx0r35BQKx0r35BQKx0tGdDQKx0tGdDQKK%2baMFAor5owUCivnX2QkCivnX2QkCivnL/AICivnL/AICivn/kwoCivn/kwoCivmTtgMCivmTtgMCivmHzQwCivmHzQwCivm74AUCivm74AUCivmvhw0Civmvhw0CivmD7AsCivmD7AsCivm3gwMCivm3gwMCv5PjxAkCv5PjxAkCv5OXmwECv5OXmwECv5OLvgoCv5OLvgoCv5O/1QMCv5O/1QMCv5PT6QwCv5PT6QwCv5PHjAQCv5PHjAQCv5P7ow0Cv5P7ow0Cv5PvxgYCv5PvxgYCv5PDrwMCv5PDrwMCv5P3wgwCv5P3wgwCkLrB6w8CkLrB6w8CkLr1jgcCkLr1jgcCkLrpJQKQuuklApC6nfgJApC6nfgJApC6sZ8BApC6sZ8BApC6pbIKApC6pbIKApC62dYDApC62dYDApC6ze0MApC6ze0MApC6odUJApC6odUJgvGOYrUnx4z%2bvSg5kyUAq0sH%2bbs%3d&__VIEWSTATE=/wEPDwUKLTEwNTI0MjkwNQ9kFgICAQ9kFgICAQ9kFgQCAQ8WBB4EaHJlZgUKbG9naW4uYXNweB4JaW5uZXJodG1sBQVsb2dpbmQCAw8WBB8AZB4HVmlzaWJsZWhkZArjxDMCoNA8/4bzlRmUHIna4LG5&__VIEWSTATEGENERATOR=CA0B0334,0,0,0,0,0,0,good
GET,/secured,,0,0,0,0,0,0,good
GET,/bxss/index.php,,0,0,0,0,0,0,good
GET,/jscripts/tiny_mce/utils/mctabs.js,,0,0,0,0,0,0,good
GET,/Mod_Rewrite_Shop/Details/web-camera-a4tech/2/,,0,0,0,0,0,0,good
GET,/.idea/encodings.xml,,0,0,0,0,0,0,good
GET,/jscripts/tiny_mce/langs/,,0,0,0,0,0,0,good
GET,/jscripts/tiny_mce/themes/simple/editor_template.js,,0,0,0,0,0,0,good
GET,/Mod_Rewrite_Shop/rate.php,,0,0,0,0,0,0,good
GET,/sitemap.xml,,0,0,0,0,0,0,good
GET,/adm1nPan3l/index.php,,0,0,0,0,0,0,good
GET,/survey_questions.jsp?step=b,,0,0,0,0,0,0,good
GET,/ajax/libs/angularjs/1.0.6/angular.min.js,,0,0,0,0,0,0,good
GET,/AJAX/infocateg.php?id=2,,0,0,0,0,0,0,good
POST,/login.aspx?ReturnUrl=/PostNews.aspx,btnLogin=Login&cbPersistCookie=on&tbPassword=g00dPa%24%24w0rD&tbUsername=uycabdma&__EVENTARGUMENT=&__EVENTTARGET=&__EVENTVALIDATION=/wEWWwLoz/fGCgLStq24BwK3jsrkBALtuvfLDQKC3IeGDALRp67yDgLQp%2bbjBwLcy%2bvqAgLcy%2bvqAgLcy9/TDwLcy9/TDwLcy/P2CALcy/P2CAKx0t2fCgKx0t2fCgKx0vGyAwKx0vGyAwKx0uXJDAKx0uXJDAKx0pnsBQKx0pnsBQKx0o2DDQKx0o2DDQKx0qGmBgKx0qGmBgKx0tX6DwKx0tX6DwKx0smRBwKx0smRBwKx0r35BQKx0r35BQKx0tGdDQKx0tGdDQKK%2baMFAor5owUCivnX2QkCivnX2QkCivnL/AICivnL/AICivn/kwoCivn/kwoCivmTtgMCivmTtgMCivmHzQwCivmHzQwCivm74AUCivm74AUCivmvhw0Civmvhw0CivmD7AsCivmD7AsCivm3gwMCivm3gwMCv5PjxAkCv5PjxAkCv5OXmwECv5OXmwECv5OLvgoCv5OLvgoCv5O/1QMCv5O/1QMCv5PT6QwCv5PT6QwCv5PHjAQCv5PHjAQCv5P7ow0Cv5P7ow0Cv5PvxgYCv5PvxgYCv5PDrwMCv5PDrwMCv5P3wgwCv5P3wgwCkLrB6w8CkLrB6w8CkLr1jgcCkLr1jgcCkLrpJQKQuuklApC6nfgJApC6nfgJApC6sZ8BApC6sZ8BApC6pbIKApC6pbIKApC62dYDApC62dYDApC6ze0MApC6ze0MApC6odUJApC6odUJGYbWyPhQI/wtK24Llff63SvWLPs%3d&__VIEWSTATE=/wEPDwUKLTIyMzk2OTgxMQ9kFgICAQ9kFgICAQ9kFgQCAQ8WBB4EaHJlZgUKbG9naW4uYXNweB4JaW5uZXJodG1sBQVsb2dpbmQCAw8WBB8AZB4HVmlzaWJsZWhkGAEFHl9fQ29udHJvbHNSZXF1aXJlUG9zdEJhY2tLZXlfXxYBBQ9jYlBlcnNpc3RDb29raWVzwbv%2bQ8XadeewSqHhJbH9z4dvJw%3d%3d&__VIEWSTATEGENERATOR=C2EE9ABB,0,0,0,0,0,0,good
GET,/redir.php?r=http://www.eclectasy.com/Fractal-Explorer/index.html,,0,0,0,0,0,0,good
GET,/MainMenu.ascx,,0,0,0,0,0,0,good
GET,/About.aspx.cs,,0,0,0,0,0,0,good
GET,/test.txt,,0,0,0,0,0,0,good
GET,/CVS/Repository,,0,0,0,0,0,0,good
GET,/AJAX/categories.php,,0,0,0,0,0,0,good
GET,/Templates/Login.asp?RetURL=/Templates/MainTemplate.dwt.asp%3F,,0,0,0,0,0,0,good
GET,/.idea/vcs.xml,,0,0,0,0,0,0,good
GET,/hpp/test.php,,0,0,0,0,0,0,good
GET,/,,0,0,0,0,0,0,good
GET,/_mmServerScripts/,,0,0,0,0,0,0,good
POST,/secured/newuser.php,signup=signup&uaddress=3137%20Laguna%20Street&ucc=4111111111111111&uemail=sample%40email.tst&upass=g00dPa%24%24w0rD&upass2=g00dPa%24%24w0rD&uphone=555-666-0606&urname=uwhufyye&uuname=oxpdwhkr,0,0,0,0,2,0,good
GET,/showimage.php,,0,0,0,0,0,0,good
GET,/.idea/acuart.iml,,0,0,0,0,0,0,good
GET,/,,0,0,0,0,0,0,good
GET,/hpp/,,0,0,0,0,0,0,good
GET,/MVXfcP89,,0,0,0,0,0,0,good
GET,/.idea,,0,0,0,0,0,0,good
GET,/Mod_Rewrite_Shop/buy.php,,0,0,0,0,0,0,good
GET,/my%20documents/JohnSmith,,0,0,0,0,1,0,good
GET,/Mod_Rewrite_Shop/,,0,0,0,0,0,0,good
GET,/sitemap.xml.gz,,0,0,0,0,0,0,good
GET,/bxss/adminPan3l/index.php,,0,0,0,0,0,0,good
GET,/admin,,0,0,0,0,0,0,good
GET,/Mod_Rewrite_Shop/Details/network-attached-storage-dlink/1,,0,0,0,0,0,0,good
GET,/secured/office_files,,0,0,0,0,0,0,good
GET,/adm1nPan3l/,,0,0,0,0,0,0,good
GET,/listproducts.php?cat=4,,0,0,0,0,0,0,good
GET,/product.php,,0,0,0,0,0,0,good
GET,/search.jsp,,0,0,0,0,0,0,good
GET,/index.jsp?content=business_insurance.htm,,0,0,0,0,0,0,good
GET,/listproducts.php?cat=1,,0,0,0,0,0,0,good
GET,/jscripts/tiny_mce/tiny_mce_src.js,,0,0,0,0,0,0,good
GET,/CVS/,,0,0,0,0,0,0,good
GET,/CVS,,0,0,0,0,0,0,good
GET,/index.jsp?content=business_lending.htm,,0,0,0,0,0,0,good
GET,/login.aspx.resx,,0,0,0,0,0,0,good
GET,/AJAX/infotitle.php,,0,0,0,0,0,0,good
GET,/STlikqQV,,0,0,0,0,0,0,good
GET,/Mod_Rewrite_Shop/Details/color-printer,,0,0,0,0,0,0,good
GET,/bin/acublog.dll,,0,0,0,0,0,0,good
GET,/Comments.aspx?id=3,,0,0,0,0,0,0,good
GET,/NId4QNVx,,0,0,0,0,0,0,good
GET,/twitter-bootstrap/2.3.1/js/bootstrap.min.js,,0,0,0,0,0,0,good
GET,/AJAX/showxml.php,,0,0,0,0,0,0,good
GET,/,,0,0,0,0,0,0,good
GET,/,,0,0,0,0,0,0,good
GET,/jscripts/tiny_mce/themes/simple/images/,,0,0,0,0,0,0,good
GET,/,,0,0,0,0,0,0,good
GET,/aspnet_client/,,0,0,0,0,0,0,good
GET,/PQK68lew,,0,0,0,0,0,0,good
GET,/sitemap.xml.gz,,0,0,0,0,0,0,good
GET,/login,,0,0,0,0,0,0,good
GET,/Templates/Login.asp,,0,0,0,0,0,0,good
GET,/jscripts/tiny_mce/tiny_mce_popup.js,,0,0,0,0,0,0,good
GET,/IwoF9O2d,,0,0,0,0,0,0,good
GET,/Templates/Register.asp,,0,0,0,0,0,0,good
GET,/Mod_Rewrite_Shop/Details/web-camera-a4tech,,0,0,0,0,0,0,good
POST,/login.aspx?ReturnUrl=/logout.aspx,btnLogin=Login&tbPassword=g00dPa%24%24w0rD&tbUsername=ftxghdjt&__EVENTARGUMENT=&__EVENTTARGET=&__EVENTVALIDATION=/wEWWwLoz/fGCgLStq24BwK3jsrkBALtuvfLDQKC3IeGDALRp67yDgLQp%2bbjBwLcy%2bvqAgLcy%2bvqAgLcy9/TDwLcy9/TDwLcy/P2CALcy/P2CAKx0t2fCgKx0t2fCgKx0vGyAwKx0vGyAwKx0uXJDAKx0uXJDAKx0pnsBQKx0pnsBQKx0o2DDQKx0o2DDQKx0qGmBgKx0qGmBgKx0tX6DwKx0tX6DwKx0smRBwKx0smRBwKx0r35BQKx0r35BQKx0tGdDQKx0tGdDQKK%2baMFAor5owUCivnX2QkCivnX2QkCivnL/AICivnL/AICivn/kwoCivn/kwoCivmTtgMCivmTtgMCivmHzQwCivmHzQwCivm74AUCivm74AUCivmvhw0Civmvhw0CivmD7AsCivmD7AsCivm3gwMCivm3gwMCv5PjxAkCv5PjxAkCv5OXmwECv5OXmwECv5OLvgoCv5OLvgoCv5O/1QMCv5O/1QMCv5PT6QwCv5PT6QwCv5PHjAQCv5PHjAQCv5P7ow0Cv5P7ow0Cv5PvxgYCv5PvxgYCv5PDrwMCv5PDrwMCv5P3wgwCv5P3wgwCkLrB6w8CkLrB6w8CkLr1jgcCkLr1jgcCkLrpJQKQuuklApC6nfgJApC6nfgJApC6sZ8BApC6sZ8BApC6pbIKApC6pbIKApC62dYDApC62dYDApC6ze0MApC6ze0MApC6odUJApC6odUJGYbWyPhQI/wtK24Llff63SvWLPs%3d&__VIEWSTATE=/wEPDwUKLTIyMzk2OTgxMQ9kFgICAQ9kFgICAQ9kFgQCAQ8WBB4EaHJlZgUKbG9naW4uYXNweB4JaW5uZXJodG1sBQVsb2dpbmQCAw8WBB8AZB4HVmlzaWJsZWhkGAEFHl9fQ29udHJvbHNSZXF1aXJlUG9zdEJhY2tLZXlfXxYBBQ9jYlBlcnNpc3RDb29raWVzwbv%2bQ8XadeewSqHhJbH9z4dvJw%3d%3d&__VIEWSTATEGENERATOR=C2EE9ABB,0,0,0,0,0,0,good
GET,/medias/css/main.css,,0,0,0,0,0,0,good
GET,/jscripts/tiny_mce/blank.htm,,0,0,0,0,0,0,good
GET,/login.aspx?ReturnUrl=/PostNews.aspx,,0,0,0,0,0,0,good
GET,/bin/AcuWeaver.dll,,0,0,0,0,0,0,good
GET,/ZUquqix3,,0,0,0,0,0,0,good
GET,/pictures/wp-config.bak,,0,0,0,0,0,0,good
GET,/static/app/libs/,,0,0,0,0,0,0,good
GET,/swagger,,0,0,0,0,0,0,good
GET,/vendor/,,0,0,0,0,0,0,good
POST,/contact,address=3137%20Laguna%20Street&firstName=famqydyp&lastName=jgmwrmoj&message=20&subject=na,0,0,0,0,2,0,good
GET,/contact,,0,0,0,0,0,0,good
GET,/privacy.php,,0,0,0,0,0,0,good
GET,/,,0,0,0,0,0,0,good
GET,/redir.php,,0,0,0,0,0,0,good
POST,/cart.php,addcart=1&price=500,0,0,0,0,0,0,good
GET,/secured/,,0,0,0,0,0,0,good
GET,/Mod_Rewrite_Shop/RateProduct-3.html,,0,0,0,0,0,0,good
GET,/artists.php?artist=2,,0,0,0,0,0,0,good
GET,/showforum.asp?id=0,,0,0,0,0,0,0,good
GET,/altoro/images,,0,0,0,0,0,0,good
GET,/Templates,,0,0,0,0,0,0,good
GET,/product.php?pic=1,,0,0,0,0,0,0,good
GET,/Global.asax,,0,0,0,0,0,0,good
GET,/acublog.csproj,,0,0,0,0,0,0,good
GET,/default.jsp?content=security.htm,,0,0,0,0,0,0,good
GET,/cart.php,,0,0,0,0,0,0,good
GET,/SZ0vRGGU,,0,0,0,0,0,0,good
GET,/Login.asp?RetURL=/Login.asp%3F,,0,0,0,0,0,0,good
GET,/database_connect.php,,0,0,0,0,0,0,good
GET,/secured/phpinfo.php,,0,0,0,0,0,0,good
GET,/Flash/add.swf,,0,0,0,0,0,0,good
GET,/Templates/Register.asp?RetURL=/Templates/MainTemplate.dwt.asp%3F,,0,0,0,0,0,0,good
GET,/Signup.aspx,,0,0,0,0,0,0,good
GET,/Web.config,,0,0,0,0,0,0,good
GET,/index.jsp?content=personal_loans.htm,,0,0,0,0,0,0,good
GET,/secured/database_connect.php,,0,0,0,0,0,0,good
GET,/static/app/partials/archive.html,,0,0,0,0,0,0,good
GET,/swagger/swagger-ui-standalone-preset.js,,0,0,0,0,0,0,good
GET,/index.jsp?content=business_other.htm,,0,0,0,0,0,0,good
GET,/jscripts/tiny_mce/langs/en.js,,0,0,0,0,0,0,good
GET,/Mod_Rewrite_Shop/Details/network-attached-storage-dlink,,0,0,0,0,0,0,good
GET,/rssFeed.aspx.resx,,0,0,0,0,0,0,good
GET,/pictures/credentials.txt,,0,0,0,0,0,0,good
GET,/my%20documents/JohnSmith/Bank%20Site%20Documents,,0,0,0,0,3,0,good
GET,/AssemblyInfo.cs,,0,0,0,0,0,0,good
GET,/logout,,0,0,0,0,0,0,good
GET,/.idea/misc.xml,,0,0,0,0,0,0,good
GET,/,,0,0,0,0,0,0,good
GET,/rssFeed.aspx.cs,,0,0,0,0,0,0,good
GET,/Mod_Rewrite_Shop/BuyProduct-2/,,0,0,0,0,0,0,good
GET,/static/img,,0,0,0,0,0,0,good
GET,/login.jsp,,0,0,0,0,0,0,good
GET,/jscripts/tiny_mce/themes/,,0,0,0,0,0,0,good
GET,/security.htm,,0,0,0,0,0,0,good
GET,/ReadNews.aspx?id=3&NewsAd=ads/def.html,,0,0,0,0,0,0,good
GET,/Default.aspx.resx,,0,0,0,0,0,0,good
GET,/static/app/libs/sessvars.js,,0,0,0,0,0,0,good
GET,/Login.asp?RetURL=/Default.asp%3F,,0,0,0,0,0,0,good
GET,/Search.asp?tfSearch=,,0,0,0,0,0,0,good
GET,/swagger/,,0,0,0,0,0,0,good
GET,/showthread.asp?id=0,,0,0,0,0,0,0,good
GET,/Register.asp,,0,0,0,0,0,0,good
GET,/showthread.asp?id=1,,0,0,0,0,0,0,good
GET,/AJAX/titles.php,,0,0,0,0,0,0,good
GET,/login.aspx?ReturnUrl=/logout.aspx,,0,0,0,0,0,0,good
GET,/clearguestbook.php,,0,0,0,0,0,0,good
GET,/robots.txt,,0,0,0,0,0,0,good
GET,/login.aspx.cs,,0,0,0,0,0,0,good
GET,/images,,0,0,0,0,0,0,good
GET,/status_check.jsp,,0,0,0,0,0,0,good
POST,/contact,address=3137%20Laguna%20Street&firstName=tpqmushi&lastName=cadecayp&message=20&subject=service,0,0,0,0,2,0,good
GET,/Utils/,,0,0,0,0,0,0,good
GET,/listproducts.php?artist=2,,0,0,0,0,0,0,good
GET,/secured/phpinfo.php?=PHPE9568F35-D428-11d2-A769-00AA001ACF42,,0,0,0,0,0,0,good
GET,/jscripts/tiny_mce/tiny_mce.js,,0,0,0,0,0,0,good
GET,/showforum.asp?id=2,,0,0,0,0,0,0,good
GET,/.idea/.name,,0,0,0,0,0,0,good
GET,/categories.php,,0,0,0,0,0,0,good
GET,/swagger/index.html,,0,0,0,0,0,0,good
GET,/.idea/modules.xml,,0,0,0,0,0,0,good
GET,/Comments.aspx?id=0,,0,0,0,0,0,0,good
GET,/index.jsp,,0,0,0,0,0,0,good
GET,/Templates/MainTemplate.dwt.asp,,0,0,0,0,0,0,good
GET,/index.jsp?content=business_cards.htm,,0,0,0,0,0,0,good
POST,/login.aspx?ReturnUrl=/PostNews.aspx,btnLogin=Login&tbPassword=g00dPa%24%24w0rD&tbUsername=qoxpaawi&__EVENTARGUMENT=&__EVENTTARGET=&__EVENTVALIDATION=/wEWWwLoz/fGCgLStq24BwK3jsrkBALtuvfLDQKC3IeGDALRp67yDgLQp%2bbjBwLcy%2bvqAgLcy%2bvqAgLcy9/TDwLcy9/TDwLcy/P2CALcy/P2CAKx0t2fCgKx0t2fCgKx0vGyAwKx0vGyAwKx0uXJDAKx0uXJDAKx0pnsBQKx0pnsBQKx0o2DDQKx0o2DDQKx0qGmBgKx0qGmBgKx0tX6DwKx0tX6DwKx0smRBwKx0smRBwKx0r35BQKx0r35BQKx0tGdDQKx0tGdDQKK%2baMFAor5owUCivnX2QkCivnX2QkCivnL/AICivnL/AICivn/kwoCivn/kwoCivmTtgMCivmTtgMCivmHzQwCivmHzQwCivm74AUCivm74AUCivmvhw0Civmvhw0CivmD7AsCivmD7AsCivm3gwMCivm3gwMCv5PjxAkCv5PjxAkCv5OXmwECv5OXmwECv5OLvgoCv5OLvgoCv5O/1QMCv5O/1QMCv5PT6QwCv5PT6QwCv5PHjAQCv5PHjAQCv5P7ow0Cv5P7ow0Cv5PvxgYCv5PvxgYCv5PDrwMCv5PDrwMCv5P3wgwCv5P3wgwCkLrB6w8CkLrB6w8CkLr1jgcCkLr1jgcCkLrpJQKQuuklApC6nfgJApC6nfgJApC6sZ8BApC6sZ8BApC6pbIKApC6pbIKApC62dYDApC62dYDApC6ze0MApC6ze0MApC6odUJApC6odUJGYbWyPhQI/wtK24Llff63SvWLPs%3d&__VIEWSTATE=/wEPDwUKLTIyMzk2OTgxMQ9kFgICAQ9kFgICAQ9kFgQCAQ8WBB4EaHJlZgUKbG9naW4uYXNweB4JaW5uZXJodG1sBQVsb2dpbmQCAw8WBB8AZB4HVmlzaWJsZWhkGAEFHl9fQ29udHJvbHNSZXF1aXJlUG9zdEJhY2tLZXlfXxYBBQ9jYlBlcnNpc3RDb29raWVzwbv%2bQ8XadeewSqHhJbH9z4dvJw%3d%3d&__VIEWSTATEGENERATOR=C2EE9ABB,0,0,0,0,0,0,good
GET,/artists.php?artist=1,,0,0,0,0,0,0,good
GET,/Register.asp?RetURL=/Search.asp%3F,,0,0,0,0,0,0,good
GET,/Mod_Rewrite_Shop/images/,,0,0,0,0,0,0,good
GET,/robots.txt,,0,0,0,0,0,0,good
GET,/survey_questions.jsp?step=a,,0,0,0,0,0,0,good
GET,/static/css/,,0,0,0,0,0,0,good
GET,/pictures/,,0,0,0,0,0,0,good
GET,/artists.php,,0,0,0,0,0,0,good
GET,/showthread.asp,,0,0,0,0,0,0,good
GET,/bin/acublog.dll.bak,,0,0,0,0,0,0,good
POST,/contact,address=3137%20Laguna%20Street&firstName=ikdbstnw&lastName=cbrrjfur&message=20&subject=suggestions,0,0,0,0,2,0,good
GET,/hpp/index.php,,0,0,0,0,0,0,good
GET,/Mod_Rewrite_Shop/Details/network-attached-storage-dlink/1/,,0,0,0,0,0,0,good
GET,/temp/web.config,,0,0,0,0,0,0,good
GET,/static/app/controllers/controllers.js,,0,0,0,0,0,0,good
GET,/swagger/swagger-ui-bundle.js,,0,0,0,0,0,0,good
GET,/vendor,,0,0,0,0,0,0,good
POST,/ReadNews.aspx?id=3&NewsAd=ads/def.html,__EVENTARGUMENT=&__EVENTTARGET=&__EVENTVALIDATION=/wEWVwLjj6S6DALRp67yDgLQp%2bbjBwLcy%2bvqAgLcy%2bvqAgLcy9/TDwLcy9/TDwLcy/P2CALcy/P2CAKx0t2fCgKx0t2fCgKx0vGyAwKx0vGyAwKx0uXJDAKx0uXJDAKx0pnsBQKx0pnsBQKx0o2DDQKx0o2DDQKx0qGmBgKx0qGmBgKx0tX6DwKx0tX6DwKx0smRBwKx0smRBwKx0r35BQKx0r35BQKx0tGdDQKx0tGdDQKK%2baMFAor5owUCivnX2QkCivnX2QkCivnL/AICivnL/AICivn/kwoCivn/kwoCivmTtgMCivmTtgMCivmHzQwCivmHzQwCivm74AUCivm74AUCivmvhw0Civmvhw0CivmD7AsCivmD7AsCivm3gwMCivm3gwMCv5PjxAkCv5PjxAkCv5OXmwECv5OXmwECv5OLvgoCv5OLvgoCv5O/1QMCv5O/1QMCv5PT6QwCv5PT6QwCv5PHjAQCv5PHjAQCv5P7ow0Cv5P7ow0Cv5PvxgYCv5PvxgYCv5PDrwMCv5PDrwMCv5P3wgwCv5P3wgwCkLrB6w8CkLrB6w8CkLr1jgcCkLr1jgcCkLrpJQKQuuklApC6nfgJApC6nfgJApC6sZ8BApC6sZ8BApC6pbIKApC6pbIKApC62dYDApC62dYDApC6ze0MApC6ze0MApC6odUJApC6odUJ9Tq6GDrB1PdfR0yv1TnbuLoV6KY%3d&__VIEWSTATE=/wEPDwUKLTM1MjIzMjU2OQ9kFgICAQ9kFgwCAQ9kFgQCAQ8WBB4EaHJlZgUKbG9naW4uYXNweB4JaW5uZXJodG1sBQVsb2dpbmQCAw8WBB8AZB4HVmlzaWJsZWhkAgMPFgIfAQVJcG9zdGVkIGJ5IDxzdHJvbmc%2bYWRtaW4gICAgICAgICAgICAgICAgICAgIDwvc3Ryb25nPjExLzgvMjAwNSAxMTozNToyMiBBTWQCBQ8WAh8BBTxXZWIgYXR0YWNrcyAtIGNhbiB5b3VyIHdlYiBhcHBsaWNhdGlvbnMgd2l0aHN0YW5kIHRoZSBmb3JjZT9kAgcPFgIfAQWbODxwPjxzdHJvbmc%2bQWN1bmV0aXggY29tYmF0cyByaXNlIGluIHdlYiBhdHRhY2tzIHdpdGggQWN1bmV0aXggICAgICAgICAgICAgICAgICAgICAgICAgICAgV2ViIFZ1bG5lcmFiaWxpdHkgU2Nhbm5lciAyIDwvc3Ryb25nPjwvcD4gICAgICAgICAgICAgICAgICAgICAgICAgICA8cD4yMSBKdWx5IDIwMDUgLSA8c3Ryb25nPlN0YXJ0LXVwIGNvbXBhbnkgQWN1bmV0aXggcmVsZWFzZWQgICAgICAgICAgICAgICAgICAgICAgICAgICAgQWN1bmV0aXggV2ViIFZ1bG5lcmFiaWxpdHkgU2Nhbm5lcjogYSB0b29sIHRvIGF1dG9tYXRpY2FsbHkgICAgICAgICAgICAgICAgICAgICAgICAgICAgYXVkaXQgd2Vic2l0ZSBzZWN1cml0eS4gQWN1bmV0aXggV2ViIFZ1bG5lcmFiaWxpdHkgU2Nhbm5lciAgICAgICAgICAgICAgICAgICAgICAgICAgICAyIGNyYXdscyBhbiBlbnRpcmUgd2Vic2l0ZSwgbGF1bmNoZXMgcG9wdWxhciB3ZWIgYXR0YWNrcyAgICAgICAgICAgICAgICAgICAgICAgICAgICAoU1FMIEluamVjdGlvbiBldGMuKSBhbmQgaWRlbnRpZmllcyB2dWxuZXJhYmlsaXRpZXMgICAgICAgICAgICAgICAgICAgICAgICAgICAgdGhhdCBuZWVkIHRvIGJlIGZpeGVkLjwvc3Ryb25nPiA8L3A%2bICAgICAgICAgICAgICAgICAgICAgICAgICAgPHA%2bPHN0cm9uZz5TZWN1cmluZyB5b3VyIHdlYnNpdGUgc2hvdWxkIGJlIHlvdXIgbnVtYmVyIG9uZSAgICAgICAgICAgICAgICAgICAgICAgICAgICBjb25jZXJuPC9zdHJvbmc%2bPGJyIC8%2bICAgICAgICAgICAgICAgICAgICAgICAgICAgSGFja2VycyBhcmUgY29uY2VudHJhdGluZyB0aGVpciBlZmZvcnRzIG9uIHdlYi1iYXNlZCAgICAgICAgICAgICAgICAgICAgICAgICAgICBhcHBsaWNhdGlvbnMgLSA3NSUgb2YgY3liZXIgYXR0YWNrcyBhcmUgZG9uZSBhdCB0aGUgICAgICAgICAgICAgICAgICAgICAgICAgICAgd2ViIGFwcGxpY2F0aW9uIGxldmVsLCBhIEdhcnRuZXIgR3JvdXAgc3R1ZHkgaGFzIHJldmVhbGVkLiAgICAgICAgICAgICAgICAgICAgICAgICAgICBXZWIgYXBwbGljYXRpb25zIGFyZSBhY2Nlc3NpYmxlIDI0IGhvdXJzIGEgZGF5LCA3IGRheXMgICAgICAgICAgICAgICAgICAgICAgICAgICAgYSB3ZWVrIGFuZCBjb250cm9sIHZhbHVhYmxlIGRhdGEgc3VjaCBhcyBjdXN0b21lciBpbmZvcm1hdGlvbiwgICAgICAgICAgICAgICAgICAgICAgICAgICAgdHJhbnNhY3Rpb24gaW5mb3JtYXRpb24gYW5kIGV2ZW4gcHJvcHJpZXRhcnkgY29ycG9yYXRlICAgICAgICAgICAgICAgICAgICAgICAgICAgIGRhdGEuPC9wPiAgICAgICAgICAgICAgICAgICAgICAgICAgIDxwPjxzdHJvbmc%2bNTAwLDAwMCBjdXN0b21lciBjcmVkaXQgY2FyZCBudW1iZXJzIG9idGFpbmVkIHZpYSAgICAgICAgICAgICAgICAgICAgICAgICAgICBhIHdlYiBhdHRhY2s8L3N0cm9uZz48YnIgLz4gICAgICAgICAgICAgICAgICAgICAgICAgICBXZWxsLWtub3duIHNpdGVzIHRoYXQgd2VyZSBvcGVuIHRvIHdlYiBhcHBsaWNhdGlvbiBhdHRhY2tzICAgICAgICAgICAgICAgICAgICAgICAgICAgIGluY2x1ZGUgZmFzaGlvbiBsYWJlbCBHdWVzcyBhbmQgcGV0IHN1cHBseSByZXRhaWxlciAgICAgICAgICAgICAgICAgICAgICAgICAgICBQZXRDby5jb20gd2hvIHdlcmUgbm90b3Jpb3VzbHkgZm91bmQgdG8gYmUgdnVsbmVyYWJsZSAgICAgICAgICAgICAgICAgICAgICAgICAgICB0byB0aGUgU1FMIGluamVjdGlvbiB2dWxuZXJhYmlsaXR5IChKdW5lIDIwMDMpLiBUaGlzICAgICAgICAgICAgICAgICAgICAgICAgICAgIHJlc3VsdGVkIGluIFBldENvIGxlYXZpbmcgYXMgbWFueSBhcyA1MDAsMDAwIGNyZWRpdCAgICAgICAgICAgICAgICAgICAgICAgICAgICBjYXJkIG51bWJlcnMgb3BlbiB0byBhbnlvbmUgYWJsZSB0byBjb25zdHJ1Y3QgdGhpcyBzcGVjaWFsbHktY3JhZnRlZCAgICAgICAgICAgICAgICAgICAgICAgICAgICBVUkwuPC9wPiAgICAgICAgICAgICAgICAgICAgICAgICAgIDxwPjxzdHJvbmc%2bRmlyZXdhbGxzLCBTU0wgYW5kIGxvY2tlZC1kb3duIHNlcnZlcnMgYXJlIGZ1dGlsZSAgICAgICAgICAgICAgICAgICAgICAgICAgICBhZ2FpbnN0IHdlYiBhcHBsaWNhdGlvbiBoYWNraW5nPC9zdHJvbmc%2bPGJyIC8%2bICAgICAgICAgICAgICAgICAgICAgICAgICAgQW55IGRlZmVuc2UgYXQgbmV0d29yayBzZWN1cml0eSBsZXZlbCB3aWxsIHByb3ZpZGUgbm8gICAgICAgICAgICAgICAgICAgICAgICAgICAgcHJvdGVjdGlvbiBhZ2FpbnN0IHdlYiBhcHBsaWNhdGlvbiBhdHRhY2tzIHNpbmNlIHRoZXkgICAgICAgICAgICAgICAgICAgICAgICAgICAgYXJlIGxhdW5jaGVkIG9uIHBvcnQgODAgLSB3aGljaCBoYXMgdG8gcmVtYWluIG9wZW4uICAgICAgICAgICAgICAgICAgICAgICAgICAgIEluIGFkZGl0aW9uLCB3ZWIgYXBwbGljYXRpb25zIChjdXN0b21lciBhcmVhcywgc2hvcHBpbmcgICAgICAgICAgICAgICAgICAgICAgICAgICAgY2FydHMgZXRjLikgYXJlIG9mdGVuIHRhaWxvci1tYWRlLCBpbnZhcmlhYmx5IHRlc3RlZCAgICAgICAgICAgICAgICAgICAgICAgICAgICBsZXNzIHRoYW4gb2ZmLXRoZS1zaGVsZiBzb2Z0d2FyZSBhbmQgYXJlIHRoZXJlZm9yZSBtb3JlICAgICAgICAgICAgICAgICAgICAgICAgICAgIHN1c2NlcHRpYmxlIHRvIGF0dGFjay48L3A%2bICAgICAgICAgICAgICAgICAgICAgICAgICAgPHA%2bJnF1b3Q7Q29tcGFuaWVzIGhhdmUgaW1wbGVtZW50ZWQgbmV0d29yay1sZXZlbCBzZWN1cml0eSwgICAgICAgICAgICAgICAgICAgICAgICAgICAgaG93ZXZlciB0aGV5IGZhaWwgdG8gYXVkaXQgYW5kIHNlY3VyZSB0aGVpciB3ZWIgYXBwbGljYXRpb25zLiAgICAgICAgICAgICAgICAgICAgICAgICAgICBUaGVzZSBhcHBsaWNhdGlvbnMgaGF2ZSBhY2Nlc3MgdG8gc2Vuc2l0aXZlIGRhdGEgYW5kICAgICAgICAgICAgICAgICAgICAgICAgICAgIGFyZSBhIGhhY2tlcidzIHByaW1lIHRhcmdldCwmcXVvdDsgc2FpZCBOaWNrIEdhbGVhLCAgICAgICAgICAgICAgICAgICAgICAgICAgICBDRU8gb2YgQWN1bmV0aXguICZxdW90O0F1ZGl0aW5nIG9uZSdzIHdlYiBhcHBzIHNob3VsZCAgICAgICAgICAgICAgICAgICAgICAgICAgICBiZSB0aGUgbnVtYmVyIG9uZSBzZWN1cml0eSBjb25jZXJuLiZxdW90OzwvcD4gICAgICAgICAgICAgICAgICAgICAgICAgICA8cD48c3Ryb25nPlRoZSBuZWVkIGZvciBhbiBhdXRvbWF0ZWQgd2ViIGFwcGxpY2F0aW9uIHZ1bG5lcmFiaWxpdHkgICAgICAgICAgICAgICAgICAgICAgICAgICAgc2Nhbm5lcjwvc3Ryb25nPjxiciAvPiAgICAgICAgICAgICAgICAgICAgICAgICAgIE1hbnVhbGx5IGF1ZGl0aW5nIGEgd2ViIGFwcGxpY2F0aW9uIGZvciB2dWxuZXJhYmlsaXRpZXMgICAgICAgICAgICAgICAgICAgICAgICAgICAgdG8gU1FMIGluamVjdGlvbiwgY3Jvc3Mgc2l0ZSBzY3JpcHRpbmcgYW5kIG90aGVyIHdlYiAgICAgICAgICAgICAgICAgICAgICAgICAgICBhdHRhY2tzIGlzIHZpcnR1YWxseSBpbXBvc3NpYmxlLiBXaXRoIEFjdW5ldGl4IFdlYiBWdWxuZXJhYmlsaXR5ICAgICAgICAgICAgICAgICAgICAgICAgICAgIFNjYW5uZXIgdGhlIHByb2Nlc3Mgb2YgYXVkaXRpbmcgd2ViIGFwcGxpY2F0aW9ucyBzdWNoICAgICAgICAgICAgICAgICAgICAgICAgICAgIGFzIHNob3BwaW5nIGNhcnRzIGFuZCBmb3JtcywgY2FuIGJlIGVhc2lseSBhdXRvbWF0ZWQuICAgICAgICAgICAgICAgICAgICAgICAgICAgIFdoYXQncyBtb3JlLCB0aGUgc2VjdXJpdHkgY2hlY2tzIGNhbiBlYXNpbHkgYmUgcmUtbGF1bmNoZWQgICAgICAgICAgICAgICAgICAgICAgICAgICAgZm9yIGVhY2ggYXBwbGljYXRpb24gdXBkYXRlLjwvcD4gICAgICAgICAgICAgICAgICAgICAgICAgICA8cD48c3Ryb25nPkhvdyBBY3VuZXRpeCBXZWIgVnVsbmVyYWJpbGl0eSBTY2FubmVyIHdvcmtzPC9zdHJvbmc%2bPGJyIC8%2bICAgICAgICAgICAgICAgICAgICAgICAgICAgQWN1bmV0aXggV1ZTIGZpcnN0IGNyYXdscyB0aGUgd2hvbGUgd2Vic2l0ZSwgYW5hbHl6ZXMgICAgICAgICAgICAgICAgICAgICAgICAgICAgaW4tZGVwdGggZWFjaCBmaWxlIGl0IGZpbmRzLCBhbmQgZGlzcGxheXMgdGhlIGVudGlyZSAgICAgICAgICAgICAgICAgICAgICAgICAgICB3ZWJzaXRlIHN0cnVjdHVyZS4gQWZ0ZXIgdGhpcyBkaXNjb3Zlcnkgc3RhZ2UsIGl0IHBlcmZvcm1zICAgICAgICAgICAgICAgICAgICAgICAgICAgIGFuIGF1dG9tYXRpYyBhdWRpdCBmb3IgY29tbW9uIHNlY3VyaXR5IHZ1bG5lcmFiaWxpdGllcy48L3A%2bICAgICAgICAgICAgICAgICAgICAgICAgICAgPHA%2bPHN0cm9uZz5BdXRvbWF0aWNhbGx5IGRldGVjdHMgU1FMIGluamVjdGlvbiwgY3Jvc3Mgc2l0ZSAgICAgICAgICAgICAgICAgICAgICAgICAgICBzY3JpcHRpbmcgYW5kIG90aGVyIHdlYiB2dWxuZXJhYmlsaXRpZXM8L3N0cm9uZz48YnIgLz4gICAgICAgICAgICAgICAgICAgICAgICAgICBTUUwgaW5qZWN0aW9uIGlzIGEgaGFja2luZyB0ZWNobmlxdWUgd2hpY2ggbW9kaWZpZXMgICAgICAgICAgICAgICAgICAgICAgICAgICAgU1FMIGNvbW1hbmRzIGluIG9yZGVyIHRvIGdhaW4gYWNjZXNzIHRvIGRhdGEgaW4gdGhlICAgICAgICAgICAgICAgICAgICAgICAgICAgIGRhdGFiYXNlLiBDcm9zcyBzaXRlIHNjcmlwdGluZyBhdHRhY2tzIGFsbG93IGEgaGFja2VyICAgICAgICAgICAgICAgICAgICAgICAgICAgIHRvIGV4ZWN1dGUgYSBtYWxpY2lvdXMgc2NyaXB0IG9uIHlvdXIgdmlzaXRvcnMnIGJyb3dzZXIuICAgICAgICAgICAgICAgICAgICAgICAgICAgIEFjdW5ldGl4IFdlYiBWdWxuZXJhYmlsaXR5IFNjYW5uZXIgY2FuIGNoZWNrIGlmIHlvdXIgICAgICAgICAgICAgICAgICAgICAgICAgICAgd2ViIGFwcGxpY2F0aW9uIGlzIHZ1bG5lcmFibGUgdG8gYm90aCBvZiB0aGVzZSBhdHRhY2tzLiAgICAgICAgICAgICAgICAgICAgICAgICAgICBNb3JlIGluZm9ybWF0aW9uIGFib3V0IGNyb3NzIHNpdGUgc2NyaXB0aW5nICZhbXA7IFNRTCAgICAgICAgICAgICAgICAgICAgICAgICAgICBpbmplY3Rpb24gYXQgb3VyIHdlYnNpdGUgc2VjdXJpdHkgaW5mbyBwYWdlLjwvcD4gICAgICAgICAgICAgICAgICAgICAgICAgICA8cD48c3Ryb25nPkFjdW5ldGl4IFdlYiBWdWxuZXJhYmlsaXR5IFNjYW5uZXIgYWxzbyBjaGVja3MgZm9yICAgICAgICAgICAgICAgICAgICAgICAgICAgIHRoZSBmb2xsb3dpbmcgd2ViIGF0dGFja3M6PC9zdHJvbmc%2bPC9wPiAgICAgICAgICAgICAgICAgICAgICAgICAgIDx1bD4gPGxpPkNSTEYgaW5qZWN0aW9uIGF0dGFja3M8YnIgLz4gICAgICAgICAgICAgICAgICAgICAgICAgICA8L2xpPjxsaT5Db2RlIGV4ZWN1dGlvbiBhdHRhY2tzPGJyIC8%2bICAgICAgICAgICAgICAgICAgICAgICAgICAgPC9saT48bGk%2bRGlyZWN0b3J5IHRyYXZlcnNhbCBhdHRhY2tzPGJyIC8%2bICAgICAgICAgICAgICAgICAgICAgICAgICAgPC9saT48bGk%2bRmlsZSBpbmNsdXNpb24gYXR0YWNrczxiciAvPiAgICAgICAgICAgICAgICAgICAgICAgICAgIDwvbGk%2bPGxpPiBJbnB1dCB2YWxpZGF0aW9uIGF0dGFja3M8YnIgLz4gICAgICAgICAgICAgICAgICAgICAgICAgICA8L2xpPjxsaT5BdXRoZW50aWNhdGlvbiBhdHRhY2tzLjwvbGk%2bIDwvdWw%2bICAgICAgICAgICAgICAgICAgICAgICAgICAgPHA%2bPHN0cm9uZz5BZHZhbmNlZCBwZW5ldHJhdGlvbiB0ZXN0aW5nIHRvb2xzPC9zdHJvbmc%2bPGJyIC8%2bICAgICAgICAgICAgICAgICAgICAgICAgICAgQWN1bmV0aXggV1ZTIGFsc28gaW5jbHVkZXMgdG9vbHMgc3VjaCBhcyBhbiBIVFRQIGVkaXRvciAgICAgICAgICAgICAgICAgICAgICAgICAgICAmYW1wOyBIVFRQIHNuaWZmZXIgdG8gYWxsb3cgY3VzdG9taXphdGlvbiBvZiB3ZWIgdnVsbmVyYWJpbGl0eSAgICAgICAgICAgICAgICAgICAgICAgICAgICBjaGVja3MuIFVzaW5nIHRoZSBWdWxuZXJhYmlsaXR5IGVkaXRvciwgbmV3IGF0dGFja3MgICAgICAgICAgICAgICAgICAgICAgICAgICAgY2FuIGVhc2lseSBiZSBjcmVhdGVkLjwvcD4gICAgICAgICAgICAgICAgICAgICAgICAgICA8cD48c3Ryb25nPlByaWNpbmcgJmFtcDsgYXZhaWxhYmlsaXR5PC9zdHJvbmc%2bPGJyIC8%2bICAgICAgICAgICAgICAgICAgICAgICAgICAgQWN1bmV0aXggV1ZTIGlzIGF2YWlsYWJsZSBhcyBhbiBlbnRlcnByaXNlIG9yIGFzIGEgY29uc3VsdGFudCAgICAgICAgICAgICAgICAgICAgICAgICAgICB2ZXJzaW9uLiBBIHN1YnNjcmlwdGlvbiBiYXNlZCBsaWNlbnNlIGNhbiBiZSBwdXJjaGFzZWQgICAgICAgICAgICAgICAgICAgICAgICAgICAgZm9yIGFzIGxpdHRsZSBhcyAkMzk1LCB3aGVyZWFzIGEgcGVycGV0dWFsIGxpY2Vuc2Ugc3RhcnRzICAgICAgICAgICAgICAgICAgICAgICAgICAgIGF0ICQyOTk1LiBGb3IgbW9yZSBpbmZvcm1hdGlvbiB2aXNpdCBvdXIgcHJpY2luZyBwYWdlLjwvcD4gICAgICAgICAgICAgICAgICAgICAgICAgICA8cD48c3Ryb25nPkFib3V0IEFjdW5ldGl4PC9zdHJvbmc%2bPC9wPiAgICAgPHA%2bVXNlci1mcmllbmRseSBhbmQgY29tcGV0aXRpdmVseSBwcmljZWQsIEFjdW5ldGl4IGxlYWRzIHRoZSBtYXJrZXQgaW4gYXV0b21hdGljIHdlYiBzZWN1cml0eSB0ZXN0aW5nIHRlY2hub2xvZ3kuIEl0cyBpbmR1c3RyeS1sZWFkaW5nIGNyYXdsZXIgZnVsbHkgc3VwcG9ydHMgSFRNTDUsIEphdmFTY3JpcHQsIGFuZCBBSkFYLWhlYXZ5IHdlYnNpdGVzLCBlbmFibGluZyB0aGUgYXVkaXRpbmcgb2YgY29tcGxleCwgYXV0aGVudGljYXRlZCBhcHBsaWNhdGlvbnMuIEFjdW5ldGl4IHByb3ZpZGVzIHRoZSBvbmx5IHRlY2hub2xvZ3kgb24gdGhlIG1hcmtldCB0aGF0IGNhbiBhdXRvbWF0aWNhbGx5IGRldGVjdCBvdXQtb2YtYmFuZCB2dWxuZXJhYmlsaXRpZXMgYW5kIGlzIGF2YWlsYWJsZSBib3RoIGFzIGFuIG9ubGluZSBhbmQgb24tcHJlbWlzZXMgc29sdXRpb24uIEFjdW5ldGl4IGFsc28gaW5jbHVkZXMgaW50ZWdyYXRlZCB2dWxuZXJhYmlsaXR5IG1hbmFnZW1lbnQgZmVhdHVyZXMgdG8gZXh0ZW5kIHRoZSBlbnRlcnByaXNlJnJzcXVvO3MgYWJpbGl0eSB0byBjb21wcmVoZW5zaXZlbHkgbWFuYWdlLCBwcmlvcml0aXplLCBhbmQgY29udHJvbCB2dWxuZXJhYmlsaXR5IHRocmVhdHMgJm5kYXNoOyBvcmRlcmVkIGJ5IGJ1c2luZXNzIGNyaXRpY2FsaXR5LjwvcD5kAgkPDxYCHgtOYXZpZ2F0ZVVybAUSQ29tbWVudHMuYXNweD9pZD0yZGQCCw8WAh4Dc3JjBQxhZHMvZGVmLmh0bWxkZCqQXr9Bo%2bfii5vVAAhGyfGRVNk1&__VIEWSTATEGENERATOR=532053C5,0,0,0,0,0,0,good
GET,/secured/phpinfo.php?=PHPE9568F34-D428-11d2-A769-00AA001ACF42,,0,0,0,0,0,0,good
GET,/YscvnFfv,,0,0,0,0,0,0,good
POST,/Comments.aspx?id=3,btnSend=Send%20comment&tbComment=1&__EVENTARGUMENT=&__EVENTTARGET=&__EVENTVALIDATION=/wEWWQKz/4etDAKAgcfvBQKFzrr8AQLRp67yDgLQp%2bbjBwLcy%2bvqAgLcy%2bvqAgLcy9/TDwLcy9/TDwLcy/P2CALcy/P2CAKx0t2fCgKx0t2fCgKx0vGyAwKx0vGyAwKx0uXJDAKx0uXJDAKx0pnsBQKx0pnsBQKx0o2DDQKx0o2DDQKx0qGmBgKx0qGmBgKx0tX6DwKx0tX6DwKx0smRBwKx0smRBwKx0r35BQKx0r35BQKx0tGdDQKx0tGdDQKK%2baMFAor5owUCivnX2QkCivnX2QkCivnL/AICivnL/AICivn/kwoCivn/kwoCivmTtgMCivmTtgMCivmHzQwCivmHzQwCivm74AUCivm74AUCivmvhw0Civmvhw0CivmD7AsCivmD7AsCivm3gwMCivm3gwMCv5PjxAkCv5PjxAkCv5OXmwECv5OXmwECv5OLvgoCv5OLvgoCv5O/1QMCv5O/1QMCv5PT6QwCv5PT6QwCv5PHjAQCv5PHjAQCv5P7ow0Cv5P7ow0Cv5PvxgYCv5PvxgYCv5PDrwMCv5PDrwMCv5P3wgwCv5P3wgwCkLrB6w8CkLrB6w8CkLr1jgcCkLr1jgcCkLrpJQKQuuklApC6nfgJApC6nfgJApC6sZ8BApC6sZ8BApC6pbIKApC6pbIKApC62dYDApC62dYDApC6ze0MApC6ze0MApC6odUJApC6odUJG6RFNnB0L19833JkUk9XoVpXvYY%3d&__VIEWSTATE=/wEPDwUKLTg2MjcwMzE2Mg9kFgICAQ9kFgoCAQ9kFgQCAQ8WBB4EaHJlZgUKbG9naW4uYXNweB4JaW5uZXJodG1sBQVsb2dpbmQCAw8WBB8AZB4HVmlzaWJsZWhkAgMPFgIfAQVJcG9zdGVkIGJ5IDxzdHJvbmc%2bYWRtaW4gICAgICAgICAgICAgICAgICAgIDwvc3Ryb25nPjExLzgvMjAwNSAxMTozNzozNSBBTWQCBQ8WBB8BBTFBY3VuZXRpeCBXZWIgVnVsbmVyYWJpbGl0eSBTY2FubmVyIGJldGEgcmVsZWFzZWQhHwAFElJlYWROZXdzLmFzcHg/aWQ9M2QCBw8WAh8BBagBMjYgSmFudWFyeSAyMDA1IC0gQSBiZXRhIHZlcnNpb24gb2YgQWN1bmV0aXggV2ViIFZ1bG5lcmFiaWxpdHkgU2Nhbm5lciBoYXMgYmVlbiByZWxlYXNlZCB0b2RheS4gVGhlIGJldGEgaXMgYXZhaWxhYmxlIGZvciBkb3dubG9hZCBhdCBodHRwOi8vd3d3LmFjdW5ldGl4LmNvbS9kb3dubG9hZC8uZAIJD2QWAgIBD2QWNmYPZBYCZg8WAh8BBSU8SU1HIHNyYz0iaW1hZ2VzL2NvbW1lbnQtYmVmb3JlLmdpZiI%2bZAIBD2QWAmYPFgIeBWNsYXNzBQdDb21tZW50ZAICD2QWAmYPFgIfAQUkPElNRyBzcmM9ImltYWdlcy9jb21tZW50LWFmdGVyLmdpZiI%2bZAIDD2QWAmYPFgIfAQUlPElNRyBzcmM9ImltYWdlcy9jb21tZW50LWJlZm9yZS5naWYiPmQCBA9kFgJmDxYCHwMFB0NvbW1lbnRkAgUPZBYCZg8WAh8BBSQ8SU1HIHNyYz0iaW1hZ2VzL2NvbW1lbnQtYWZ0ZXIuZ2lmIj5kAgYPZBYCZg8WAh8BBSU8SU1HIHNyYz0iaW1hZ2VzL2NvbW1lbnQtYmVmb3JlLmdpZiI%2bZAIHD2QWAmYPFgIfAwUHQ29tbWVudGQCCA9kFgJmDxYCHwEFJDxJTUcgc3JjPSJpbWFnZXMvY29tbWVudC1hZnRlci5naWYiPmQCCQ9kFgJmDxYCHwEFJTxJTUcgc3JjPSJpbWFnZXMvY29tbWVudC1iZWZvcmUuZ2lmIj5kAgoPZBYCZg8WAh8DBQdDb21tZW50ZAILD2QWAmYPFgIfAQUkPElNRyBzcmM9ImltYWdlcy9jb21tZW50LWFmdGVyLmdpZiI%2bZAIMD2QWAmYPFgIfAQUlPElNRyBzcmM9ImltYWdlcy9jb21tZW50LWJlZm9yZS5naWYiPmQCDQ9kFgJmDxYCHwMFB0NvbW1lbnRkAg4PZBYCZg8WAh8BBSQ8SU1HIHNyYz0iaW1hZ2VzL2NvbW1lbnQtYWZ0ZXIuZ2lmIj5kAg8PZBYCZg8WAh8BBSU8SU1HIHNyYz0iaW1hZ2VzL2NvbW1lbnQtYmVmb3JlLmdpZiI%2bZAIQD2QWAmYPFgIfAwUHQ29tbWVudGQCEQ9kFgJmDxYCHwEFJDxJTUcgc3JjPSJpbWFnZXMvY29tbWVudC1hZnRlci5naWYiPmQCEg9kFgJmDxYCHwEFJTxJTUcgc3JjPSJpbWFnZXMvY29tbWVudC1iZWZvcmUuZ2lmIj5kAhMPZBYCZg8WAh8DBQdDb21tZW50ZAIUD2QWAmYPFgIfAQUkPElNRyBzcmM9ImltYWdlcy9jb21tZW50LWFmdGVyLmdpZiI%2bZAIVD2QWAmYPFgIfAQUlPElNRyBzcmM9ImltYWdlcy9jb21tZW50LWJlZm9yZS5naWYiPmQCFg9kFgJmDxYCHwMFB0NvbW1lbnRkAhcPZBYCZg8WAh8BBSQ8SU1HIHNyYz0iaW1hZ2VzL2NvbW1lbnQtYWZ0ZXIuZ2lmIj5kAhgPZBYCZg8WAh8BBSU8SU1HIHNyYz0iaW1hZ2VzL2NvbW1lbnQtYmVmb3JlLmdpZiI%2bZAIZD2QWAmYPFgIfAwUHQ29tbWVudGQCGg9kFgJmDxYCHwEFJDxJTUcgc3JjPSJpbWFnZXMvY29tbWVudC1hZnRlci5naWYiPmRkxXm4Mj0SY5c/Ydldpb2IB1OjGvI%3d&__VIEWSTATEGENERATOR=58A73C4D,0,0,0,0,1,0,good
GET,/ReadNews.aspx?id=3,,0,0,0,0,0,0,good
GET,/static/app/,,0,0,0,0,0,0,good
GET,/comment.php,,0,0,0,0,0,0,good
GET,/pictures/path-disclosure-unix.html,,0,0,0,0,0,0,good
GET,/static/app/services/itemsService.js,,0,0,0,0,0,0,good
GET,/Mod_Rewrite_Shop/Details/color-printer/3/,,0,0,0,0,0,0,good
GET,/bxss/adminPan3l/,,0,0,0,0,0,0,good
GET,/about.aspx,,0,0,0,0,0,0,good
GET,/.idea/,,0,0,0,0,0,0,good
GET,/index.jsp?content=business.htm,,0,0,0,0,0,0,good
GET,/pictures/path-disclosure-win.html,,0,0,0,0,0,0,good
GET,/Connections/,,0,0,0,0,0,0,good
GET,/index.bak,,0,0,0,0,0,0,good
GET,/subscribe.jsp,,0,0,0,0,0,0,good
GET,/feedback.jsp,,0,0,0,0,0,0,good
GET,/AJAX/infocateg.php?id=4,,0,0,0,0,0,0,good
GET,/Utils/UserManager.cs,,0,0,0,0,0,0,good
GET,/_vti_cnf/acublog.csproj.webinfo,,0,0,0,0,0,0,good
GET,/sitemap.xml.gz,,0,0,0,0,0,0,good
GET,/.idea/workspace.xml,,0,0,0,0,0,0,good
GET,/MainMenu.ascx.resx,,0,0,0,0,0,0,good
GET,/showforum.asp,,0,0,0,0,0,0,good
GET,/pictures/ipaddresses.txt,,0,0,0,0,0,0,good
GET,/Mod_Rewrite_Shop/index.php,,0,0,0,0,0,0,good
GET,/Signup.aspx.cs,,0,0,0,0,0,0,good
GET,/high_yield_investments.htm,,0,0,0,0,0,0,good
POST,/AJAX/infotitle.php,id=1,0,0,0,0,0,0,good
GET,/secured/newuser.php,,0,0,0,0,0,0,good
GET,/About.aspx,,0,0,0,0,0,0,good
GET,/product.php?pic=2,,0,0,0,0,0,0,good
POST,/login.aspx,btnLogin=Login&tbPassword=g00dPa%24%24w0rD&tbUsername=hrdkcjxw&__EVENTARGUMENT=&__EVENTTARGET=&__EVENTVALIDATION=/wEWWwLoz/fGCgLStq24BwK3jsrkBALtuvfLDQKC3IeGDALRp67yDgLQp%2bbjBwLcy%2bvqAgLcy%2bvqAgLcy9/TDwLcy9/TDwLcy/P2CALcy/P2CAKx0t2fCgKx0t2fCgKx0vGyAwKx0vGyAwKx0uXJDAKx0uXJDAKx0pnsBQKx0pnsBQKx0o2DDQKx0o2DDQKx0qGmBgKx0qGmBgKx0tX6DwKx0tX6DwKx0smRBwKx0smRBwKx0r35BQKx0r35BQKx0tGdDQKx0tGdDQKK%2baMFAor5owUCivnX2QkCivnX2QkCivnL/AICivnL/AICivn/kwoCivn/kwoCivmTtgMCivmTtgMCivmHzQwCivmHzQwCivm74AUCivm74AUCivmvhw0Civmvhw0CivmD7AsCivmD7AsCivm3gwMCivm3gwMCv5PjxAkCv5PjxAkCv5OXmwECv5OXmwECv5OLvgoCv5OLvgoCv5O/1QMCv5O/1QMCv5PT6QwCv5PT6QwCv5PHjAQCv5PHjAQCv5P7ow0Cv5P7ow0Cv5PvxgYCv5PvxgYCv5PDrwMCv5PDrwMCv5P3wgwCv5P3wgwCkLrB6w8CkLrB6w8CkLr1jgcCkLr1jgcCkLrpJQKQuuklApC6nfgJApC6nfgJApC6sZ8BApC6sZ8BApC6pbIKApC6pbIKApC62dYDApC62dYDApC6ze0MApC6ze0MApC6odUJApC6odUJGYbWyPhQI/wtK24Llff63SvWLPs%3d&__VIEWSTATE=/wEPDwUKLTIyMzk2OTgxMQ9kFgICAQ9kFgICAQ9kFgQCAQ8WBB4EaHJlZgUKbG9naW4uYXNweB4JaW5uZXJodG1sBQVsb2dpbmQCAw8WBB8AZB4HVmlzaWJsZWhkGAEFHl9fQ29udHJvbHNSZXF1aXJlUG9zdEJhY2tLZXlfXxYBBQ9jYlBlcnNpc3RDb29raWVzwbv%2bQ8XadeewSqHhJbH9z4dvJw%3d%3d&__VIEWSTATEGENERATOR=C2EE9ABB,0,0,0,0,0,0,good
GET,/Mod_Rewrite_Shop/BuyProduct-1,,0,0,0,0,0,0,good
GET,/ReadNews.aspx,,0,0,0,0,0,0,good
GET,/Mod_Rewrite_Shop/BuyProduct-3,,0,0,0,0,0,0,good
GET,/jscripts/,,0,0,0,0,0,0,good
GET,/images/,,0,0,0,0,0,0,good
POST,/comment.php,comment=1&name=<your%20name%20here>&phpaction=echo%20%24_POST%5bcomment%5d;&Submit=Submit,0,0,0,0,3,0,good
GET,/bxss,,0,0,0,0,0,0,good
GET,/medias/js,,0,0,0,0,0,0,good
POST,/userinfo.php,pass=g00dPa%24%24w0rD&uname=rdeujave,0,0,0,0,0,0,good
GET,/bxss/test.js,,0,0,0,0,0,0,good
